Date,x
1/4/2010,7.7555
1/5/2010,7.7564
1/6/2010,7.7546
1/7/2010,7.7539
1/8/2010,7.7553
1/11/2010,7.755
1/12/2010,7.7552
1/13/2010,7.7564
1/14/2010,7.7578
1/15/2010,7.7594
1/19/2010,7.7626
1/20/2010,7.7684
1/21/2010,7.7703
1/22/2010,7.7713
1/25/2010,7.7679
1/26/2010,7.7742
1/27/2010,7.7752
1/28/2010,7.7691
1/29/2010,7.7665
2/1/2010,7.7665
2/2/2010,7.7675
2/3/2010,7.7658
2/4/2010,7.767
2/5/2010,7.7703
2/8/2010,7.7701
2/9/2010,7.7702
2/10/2010,7.7716
2/11/2010,7.7683
2/12/2010,7.7699
2/16/2010,7.7706
2/17/2010,7.7671
2/18/2010,7.7656
2/19/2010,7.7658
2/22/2010,7.7629
2/23/2010,7.7621
2/24/2010,7.7657
2/25/2010,7.764
2/26/2010,7.7619
3/1/2010,7.7647
3/2/2010,7.7623
3/3/2010,7.7621
3/4/2010,7.7632
3/5/2010,7.7634
3/8/2010,7.7578
3/9/2010,7.7597
3/10/2010,7.7587
3/11/2010,7.759
3/12/2010,7.7574
3/15/2010,7.7588
3/16/2010,7.7606
3/17/2010,7.7608
3/18/2010,7.7608
3/19/2010,7.759
3/22/2010,7.7609
3/23/2010,7.7621
3/24/2010,7.7609
3/25/2010,7.7609
3/26/2010,7.762
3/29/2010,7.7635
3/30/2010,7.7648
3/31/2010,7.7647
4/1/2010,7.7671
4/2/2010,7.7672
4/5/2010,7.7659
4/6/2010,7.7652
4/7/2010,7.7614
4/8/2010,7.758
4/9/2010,7.7565
4/12/2010,7.758
4/13/2010,7.7607
4/14/2010,7.7605
4/15/2010,7.7608
4/16/2010,7.7621
4/19/2010,7.7611
4/20/2010,7.7634
4/21/2010,7.7636
4/22/2010,7.7626
4/23/2010,7.7628
4/26/2010,7.7629
4/27/2010,7.7639
4/28/2010,7.7675
4/29/2010,7.7645
4/30/2010,7.7637
5/3/2010,7.7626
5/4/2010,7.7644
5/5/2010,7.7666
5/6/2010,7.7725
5/7/2010,7.779
5/10/2010,7.7795
5/11/2010,7.7795
5/12/2010,7.7813
5/13/2010,7.7813
5/14/2010,7.7822
5/17/2010,7.8018
5/18/2010,7.7969
5/19/2010,7.7998
5/20/2010,7.8021
5/21/2010,7.803
5/24/2010,7.8006
5/25/2010,7.8008
5/26/2010,7.7849
5/27/2010,7.789
5/28/2010,7.785
6/1/2010,7.7912
6/2/2010,7.7935
6/3/2010,7.7906
6/4/2010,7.7919
6/7/2010,7.8018
6/8/2010,7.804
6/9/2010,7.8013
6/10/2010,7.7903
6/11/2010,7.7935
6/14/2010,7.792
6/15/2010,7.7917
6/16/2010,7.7909
6/17/2010,7.7859
6/18/2010,7.7823
6/21/2010,7.769
6/22/2010,7.7778
6/23/2010,7.7767
6/24/2010,7.7789
6/25/2010,7.7785
6/28/2010,7.7838
6/29/2010,7.7837
6/30/2010,7.7865
7/1/2010,7.7953
7/2/2010,7.7962
7/6/2010,7.7872
7/7/2010,7.7897
7/8/2010,7.7883
7/9/2010,7.7736
7/12/2010,7.771
7/13/2010,7.7732
7/14/2010,7.7699
7/15/2010,7.7694
7/16/2010,7.7758
7/19/2010,7.7748
7/20/2010,7.7736
7/21/2010,7.7739
7/22/2010,7.7739
7/23/2010,7.7667
7/26/2010,7.766
7/27/2010,7.7651
7/28/2010,7.7657
7/29/2010,7.7656
7/30/2010,7.7672
8/2/2010,7.7638
8/3/2010,7.7605
8/4/2010,7.7636
8/5/2010,7.7637
8/6/2010,7.7629
8/9/2010,7.7613
8/10/2010,7.7638
8/11/2010,7.7662
8/12/2010,7.7679
8/13/2010,7.7723
8/16/2010,7.7723
8/17/2010,7.7699
8/18/2010,7.7691
8/19/2010,7.7697
8/20/2010,7.7759
8/23/2010,7.7747
8/24/2010,7.7769
8/25/2010,7.777
8/26/2010,7.778
8/27/2010,7.7788
8/30/2010,7.7787
8/31/2010,7.7781
9/1/2010,7.7738
9/2/2010,7.7702
9/3/2010,7.7714
9/7/2010,7.7679
9/8/2010,7.7692
9/9/2010,7.7691
9/10/2010,7.766
9/13/2010,7.7666
9/14/2010,7.7657
9/15/2010,7.7667
9/16/2010,7.7668
9/17/2010,7.7646
9/20/2010,7.7634
9/21/2010,7.7617
9/22/2010,7.7581
9/23/2010,7.7591
9/24/2010,7.7561
9/27/2010,7.7579
9/28/2010,7.7578
9/29/2010,7.7574
9/30/2010,7.7599
10/1/2010,7.7573
10/4/2010,7.7579
10/5/2010,7.7558
10/6/2010,7.7552
10/7/2010,7.7527
10/8/2010,7.7567
10/12/2010,7.7586
10/13/2010,7.7599
10/14/2010,7.7578
10/15/2010,7.7573
10/18/2010,7.7569
10/19/2010,7.7595
10/20/2010,7.7626
10/21/2010,7.7638
10/22/2010,7.7648
10/25/2010,7.7578
10/26/2010,7.7583
10/27/2010,7.7587
10/28/2010,7.7561
10/29/2010,7.7515
11/1/2010,7.7515
11/2/2010,7.751
11/3/2010,7.7504
11/4/2010,7.7501
11/5/2010,7.7506
11/8/2010,7.7506
11/9/2010,7.7508
11/10/2010,7.7505
11/12/2010,7.7511
11/15/2010,7.7523
11/16/2010,7.7543
11/17/2010,7.7559
11/18/2010,7.7527
11/19/2010,7.7536
11/22/2010,7.754
11/23/2010,7.7588
11/24/2010,7.7593
11/26/2010,7.7634
11/29/2010,7.7656
11/30/2010,7.7649
12/1/2010,7.7665
12/2/2010,7.7659
12/3/2010,7.7616
12/6/2010,7.7612
12/7/2010,7.763
12/8/2010,7.768
12/9/2010,7.7731
12/10/2010,7.7737
12/13/2010,7.778
12/14/2010,7.7727
12/15/2010,7.7757
12/16/2010,7.7771
12/17/2010,7.7768
12/20/2010,7.7756
12/21/2010,7.7735
12/22/2010,7.7789
12/23/2010,7.7778
12/27/2010,7.7833
12/28/2010,7.7803
12/29/2010,7.7821
12/30/2010,7.781
1/3/2011,7.7683
1/4/2011,7.7694
1/5/2011,7.7704
1/6/2011,7.7735
1/7/2011,7.7714
1/10/2011,7.7774
1/11/2011,7.7759
1/12/2011,7.7737
1/13/2011,7.7738
1/14/2011,7.7741
1/18/2011,7.7773
1/19/2011,7.7775
1/20/2011,7.7858
1/21/2011,7.7891
1/24/2011,7.7978
1/25/2011,7.7922
1/26/2011,7.7859
1/27/2011,7.7876
1/28/2011,7.7927
1/31/2011,7.7926
2/1/2011,7.7913
2/2/2011,7.7862
2/3/2011,7.7859
2/4/2011,7.7863
2/7/2011,7.7841
2/8/2011,7.7823
2/9/2011,7.7848
2/10/2011,7.7899
2/11/2011,7.7945
2/14/2011,7.7952
2/15/2011,7.7941
2/16/2011,7.7898
2/17/2011,7.7872
2/18/2011,7.7844
2/22/2011,7.7925
2/23/2011,7.7945
2/24/2011,7.7957
2/25/2011,7.7933
2/28/2011,7.7883
3/1/2011,7.7887
3/2/2011,7.7897
3/3/2011,7.7891
3/4/2011,7.7879
3/7/2011,7.7858
3/8/2011,7.7875
3/9/2011,7.7867
3/10/2011,7.789
3/11/2011,7.7877
3/14/2011,7.791
3/15/2011,7.7959
3/16/2011,7.7962
3/17/2011,7.8012
3/18/2011,7.7999
3/21/2011,7.7983
3/22/2011,7.7925
3/23/2011,7.7925
3/24/2011,7.7937
3/25/2011,7.7931
3/28/2011,7.7996
3/29/2011,7.7935
3/30/2011,7.7843
3/31/2011,7.775
4/1/2011,7.7784
4/4/2011,7.7712
4/5/2011,7.7715
4/6/2011,7.7729
4/7/2011,7.77
4/8/2011,7.7671
4/11/2011,7.7682
4/12/2011,7.7729
4/13/2011,7.7753
4/14/2011,7.7734
4/15/2011,7.7733
4/18/2011,7.7763
4/19/2011,7.7774
4/20/2011,7.7705
4/21/2011,7.7669
4/22/2011,7.7707
4/25/2011,7.7717
4/26/2011,7.7707
4/27/2011,7.769
4/28/2011,7.7693
4/29/2011,7.7673
5/2/2011,7.7652
5/3/2011,7.7671
5/4/2011,7.77
5/5/2011,7.7717
5/6/2011,7.7697
5/9/2011,7.7717
5/10/2011,7.7725
5/11/2011,7.7699
5/12/2011,7.7719
5/13/2011,7.7724
5/16/2011,7.7771
5/17/2011,7.7744
5/18/2011,7.7745
5/19/2011,7.7743
5/20/2011,7.7733
5/23/2011,7.7772
5/24/2011,7.7767
5/25/2011,7.7813
5/26/2011,7.7855
5/27/2011,7.7839
5/31/2011,7.7777
6/1/2011,7.7767
6/2/2011,7.7797
6/3/2011,7.7771
6/6/2011,7.779
6/7/2011,7.7787
6/8/2011,7.7814
6/9/2011,7.7826
6/10/2011,7.7826
6/13/2011,7.7851
6/14/2011,7.7841
6/15/2011,7.7895
6/16/2011,7.7976
6/17/2011,7.7921
6/20/2011,7.7929
6/21/2011,7.7899
6/22/2011,7.7891
6/23/2011,7.7906
6/24/2011,7.7874
6/27/2011,7.7873
6/28/2011,7.7843
6/29/2011,7.7819
6/30/2011,7.7814
7/1/2011,7.7802
7/5/2011,7.7803
7/6/2011,7.7817
7/7/2011,7.7828
7/8/2011,7.7818
7/11/2011,7.7885
7/12/2011,7.7939
7/13/2011,7.7885
7/14/2011,7.7892
7/15/2011,7.7933
7/18/2011,7.7964
7/19/2011,7.7942
7/20/2011,7.7912
7/21/2011,7.7919
7/22/2011,7.7903
7/25/2011,7.792
7/26/2011,7.7904
7/27/2011,7.7909
7/28/2011,7.7919
7/29/2011,7.7942
8/1/2011,7.7906
8/2/2011,7.7945
8/3/2011,7.7988
8/4/2011,7.8014
8/5/2011,7.8065
8/8/2011,7.8047
8/9/2011,7.8087
8/10/2011,7.8057
8/11/2011,7.7928
8/12/2011,7.793
8/15/2011,7.793
8/16/2011,7.7904
8/17/2011,7.7895
8/18/2011,7.7949
8/19/2011,7.7967
8/22/2011,7.7989
8/23/2011,7.797
8/24/2011,7.795
8/25/2011,7.7951
8/26/2011,7.7962
8/29/2011,7.7944
8/30/2011,7.794
8/31/2011,7.7876
9/1/2011,7.783
9/2/2011,7.7857
9/6/2011,7.7948
9/7/2011,7.7939
9/8/2011,7.7932
9/9/2011,7.7934
9/12/2011,7.8001
9/13/2011,7.804
9/14/2011,7.8036
9/15/2011,7.79
9/16/2011,7.7942
9/19/2011,7.7978
9/20/2011,7.7913
9/21/2011,7.7888
9/22/2011,7.8011
9/23/2011,7.8015
9/26/2011,7.7993
9/27/2011,7.7959
9/28/2011,7.794
9/29/2011,7.7908
9/30/2011,7.784
10/3/2011,7.7884
10/4/2011,7.7845
10/5/2011,7.7833
10/6/2011,7.7815
10/7/2011,7.7817
10/11/2011,7.7805
10/12/2011,7.7788
10/13/2011,7.7773
10/14/2011,7.7774
10/17/2011,7.7775
10/18/2011,7.7773
10/19/2011,7.7761
10/20/2011,7.7793
10/21/2011,7.7813
10/24/2011,7.7779
10/25/2011,7.7741
10/26/2011,7.7733
10/27/2011,7.7695
10/28/2011,7.7634
10/31/2011,7.7641
11/1/2011,7.7717
11/2/2011,7.7704
11/3/2011,7.7696
11/4/2011,7.7679
11/7/2011,7.769
11/8/2011,7.7688
11/9/2011,7.7708
11/10/2011,7.7815
11/14/2011,7.7813
11/15/2011,7.7819
11/16/2011,7.7835
11/17/2011,7.785
11/18/2011,7.788
11/21/2011,7.7889
11/22/2011,7.7907
11/23/2011,7.794
11/25/2011,7.7957
11/28/2011,7.7932
11/29/2011,7.7923
11/30/2011,7.773
12/1/2011,7.7695
12/2/2011,7.7676
12/5/2011,7.7695
12/6/2011,7.7723
12/7/2011,7.7726
12/8/2011,7.7757
12/9/2011,7.7817
12/12/2011,7.783
12/13/2011,7.7767
12/14/2011,7.7839
12/15/2011,7.7805
12/16/2011,7.7844
12/19/2011,7.7851
12/20/2011,7.7823
12/21/2011,7.7813
12/22/2011,7.7817
12/23/2011,7.776
12/27/2011,7.7764
12/28/2011,7.7726
12/29/2011,7.7725
12/30/2011,7.7663
1/3/2012,7.767
1/4/2012,7.7674
1/5/2012,7.765
1/6/2012,7.7654
1/9/2012,7.766
1/10/2012,7.7657
1/11/2012,7.7663
1/12/2012,7.7671
1/13/2012,7.7672
1/17/2012,7.7652
1/18/2012,7.7608
1/19/2012,7.7596
1/20/2012,7.7608
1/23/2012,7.7596
1/24/2012,7.7598
1/25/2012,7.7603
1/26/2012,7.7562
1/27/2012,7.7538
1/30/2012,7.7557
1/31/2012,7.7555
2/1/2012,7.7552
2/2/2012,7.7551
2/3/2012,7.7539
2/6/2012,7.754
2/7/2012,7.7534
2/8/2012,7.7533
2/9/2012,7.7559
2/10/2012,7.7549
2/13/2012,7.7535
2/14/2012,7.7544
2/15/2012,7.7532
2/16/2012,7.7538
2/17/2012,7.7535
2/21/2012,7.7544
2/22/2012,7.755
2/23/2012,7.7555
2/24/2012,7.7538
2/27/2012,7.7549
2/28/2012,7.755
2/29/2012,7.7551
3/1/2012,7.7551
3/2/2012,7.7585
3/5/2012,7.7627
3/6/2012,7.7635
3/7/2012,7.7636
3/8/2012,7.7553
3/9/2012,7.7557
3/12/2012,7.7585
3/13/2012,7.7593
3/14/2012,7.7614
3/15/2012,7.7612
3/16/2012,7.762
3/19/2012,7.7623
3/20/2012,7.7625
3/21/2012,7.7644
3/22/2012,7.7652
3/23/2012,7.7678
3/26/2012,7.7676
3/27/2012,7.7635
3/28/2012,7.7648
3/29/2012,7.7642
3/30/2012,7.7656
4/2/2012,7.766
4/3/2012,7.765
4/4/2012,7.7649
4/5/2012,7.7643
4/6/2012,7.765
4/9/2012,7.7655
4/10/2012,7.7649
4/11/2012,7.7649
4/12/2012,7.7638
4/13/2012,7.7588
4/16/2012,7.758
4/17/2012,7.759
4/18/2012,7.7609
4/19/2012,7.7631
4/20/2012,7.7607
4/23/2012,7.7617
4/24/2012,7.7595
4/25/2012,7.76
4/26/2012,7.7596
4/27/2012,7.7594
4/30/2012,7.7587
5/1/2012,7.7583
5/2/2012,7.7585
5/3/2012,7.7591
5/4/2012,7.7608
5/7/2012,7.7632
5/8/2012,7.7622
5/9/2012,7.7636
5/10/2012,7.7637
5/11/2012,7.7662
5/14/2012,7.7663
5/15/2012,7.7682
5/16/2012,7.7686
5/17/2012,7.7699
5/18/2012,7.7673
5/21/2012,7.7647
5/22/2012,7.7652
5/23/2012,7.7642
5/24/2012,7.764
5/25/2012,7.7629
5/29/2012,7.7638
5/30/2012,7.7667
5/31/2012,7.7616
6/1/2012,7.7603
6/4/2012,7.7583
6/5/2012,7.7588
6/6/2012,7.7578
6/7/2012,7.7582
6/8/2012,7.7582
6/11/2012,7.7599
6/12/2012,7.7593
6/13/2012,7.759
6/14/2012,7.7592
6/15/2012,7.7584
6/18/2012,7.7585
6/19/2012,7.7591
6/20/2012,7.759
6/21/2012,7.7605
6/22/2012,7.761
6/25/2012,7.7604
6/26/2012,7.759
6/27/2012,7.7584
6/28/2012,7.759
6/29/2012,7.7572
7/2/2012,7.7578
7/3/2012,7.754
7/5/2012,7.7544
7/6/2012,7.7542
7/9/2012,7.7546
7/10/2012,7.7544
7/11/2012,7.7542
7/12/2012,7.7578
7/13/2012,7.757
7/16/2012,7.7568
7/17/2012,7.7568
7/18/2012,7.7559
7/19/2012,7.7557
7/20/2012,7.757
7/23/2012,7.7573
7/24/2012,7.758
7/25/2012,7.7577
7/26/2012,7.7586
7/27/2012,7.7569
7/30/2012,7.7553
7/31/2012,7.7538
8/1/2012,7.7551
8/2/2012,7.7543
8/3/2012,7.7552
8/6/2012,7.7555
8/7/2012,7.7549
8/8/2012,7.7557
8/9/2012,7.7556
8/10/2012,7.7569
8/13/2012,7.7569
8/14/2012,7.757
8/15/2012,7.7574
8/16/2012,7.757
8/17/2012,7.7571
8/20/2012,7.7573
8/21/2012,7.757
8/22/2012,7.7565
8/23/2012,7.7564
8/24/2012,7.7567
8/27/2012,7.756
8/28/2012,7.7563
8/29/2012,7.7557
8/30/2012,7.7562
8/31/2012,7.756
9/4/2012,7.7564
9/5/2012,7.7569
9/6/2012,7.7568
9/7/2012,7.7556
9/10/2012,7.7551
9/11/2012,7.7546
9/12/2012,7.7548
9/13/2012,7.7545
9/14/2012,7.751
9/17/2012,7.7517
9/18/2012,7.7523
9/19/2012,7.7529
9/20/2012,7.7532
9/21/2012,7.7527
9/24/2012,7.753
9/25/2012,7.7533
9/26/2012,7.754
9/27/2012,7.7537
9/28/2012,7.754
10/1/2012,7.7543
10/2/2012,7.7545
10/3/2012,7.7549
10/4/2012,7.7546
10/5/2012,7.7521
10/9/2012,7.7521
10/10/2012,7.7525
10/11/2012,7.7523
10/12/2012,7.7518
10/15/2012,7.7508
10/16/2012,7.7512
10/17/2012,7.7515
10/18/2012,7.7501
10/19/2012,7.7501
10/22/2012,7.7499
10/23/2012,7.75
10/24/2012,7.75
10/25/2012,7.7503
10/26/2012,7.7501
10/29/2012,7.7498
10/30/2012,7.7501
10/31/2012,7.7494
11/1/2012,7.75
11/2/2012,7.7493
11/5/2012,7.7502
11/6/2012,7.7503
11/7/2012,7.7505
11/8/2012,7.751
11/9/2012,7.7513
11/13/2012,7.7503
11/14/2012,7.7505
11/15/2012,7.7518
11/16/2012,7.7517
11/19/2012,7.7517
11/20/2012,7.7501
11/21/2012,7.7504
11/23/2012,7.7501
11/26/2012,7.7501
11/27/2012,7.7501
11/28/2012,7.75
11/29/2012,7.75
11/30/2012,7.7501
12/3/2012,7.75
12/4/2012,7.75
12/5/2012,7.75
12/6/2012,7.7493
12/7/2012,7.7494
12/10/2012,7.7498
12/11/2012,7.7496
12/12/2012,7.7495
12/13/2012,7.75
12/14/2012,7.7496
12/17/2012,7.7501
12/18/2012,7.7501
12/19/2012,7.7497
12/20/2012,7.7501
12/21/2012,7.7502
12/24/2012,7.7506
12/26/2012,7.7503
12/27/2012,7.7515
12/28/2012,7.7518
12/31/2012,7.7507
1/2/2013,7.7507
1/3/2013,7.7503
1/4/2013,7.7503
1/7/2013,7.7507
1/8/2013,7.7508
1/9/2013,7.7512
1/10/2013,7.7514
1/11/2013,7.7518
1/14/2013,7.7523
1/15/2013,7.7518
1/16/2013,7.7526
1/17/2013,7.7524
1/18/2013,7.7526
1/22/2013,7.7532
1/23/2013,7.753
1/24/2013,7.753
1/25/2013,7.7535
1/28/2013,7.7581
1/29/2013,7.7585
1/30/2013,7.7585
1/31/2013,7.756
2/1/2013,7.7562
2/4/2013,7.7531
2/5/2013,7.7546
2/6/2013,7.7543
2/7/2013,7.7553
2/8/2013,7.755
2/11/2013,7.7552
2/12/2013,7.7548
2/13/2013,7.7557
2/14/2013,7.7542
2/15/2013,7.7542
2/19/2013,7.7542
2/20/2013,7.7546
2/21/2013,7.7556
2/22/2013,7.756
2/25/2013,7.7562
2/26/2013,7.758
2/27/2013,7.7572
2/28/2013,7.7546
3/1/2013,7.7551
3/4/2013,7.7552
3/5/2013,7.7555
3/6/2013,7.7557
3/7/2013,7.7561
3/8/2013,7.7565
3/11/2013,7.757
3/12/2013,7.7567
3/13/2013,7.7582
3/14/2013,7.7582
3/15/2013,7.759
3/18/2013,7.7615
3/19/2013,7.7606
3/20/2013,7.7621
3/21/2013,7.7622
3/22/2013,7.7627
3/25/2013,7.7615
3/26/2013,7.7592
3/27/2013,7.764
3/28/2013,7.7625
3/29/2013,7.7629
4/1/2013,7.7635
4/2/2013,7.7625
4/3/2013,7.7618
4/4/2013,7.7636
4/5/2013,7.7652
4/8/2013,7.7643
4/9/2013,7.7641
4/10/2013,7.7624
4/11/2013,7.7615
4/12/2013,7.7615
4/15/2013,7.7622
4/16/2013,7.7625
4/17/2013,7.7628
4/18/2013,7.7636
4/19/2013,7.7637
4/22/2013,7.7638
4/23/2013,7.7644
4/24/2013,7.7644
4/25/2013,7.7645
4/26/2013,7.7635
4/29/2013,7.761
4/30/2013,7.7606
5/1/2013,7.7603
5/2/2013,7.7587
5/3/2013,7.7591
5/6/2013,7.7594
5/7/2013,7.7606
5/8/2013,7.7595
5/9/2013,7.759
5/10/2013,7.7606
5/13/2013,7.7616
5/14/2013,7.7613
5/15/2013,7.7617
5/16/2013,7.7638
5/17/2013,7.7627
5/20/2013,7.7617
5/21/2013,7.7607
5/22/2013,7.7613
5/23/2013,7.7625
5/24/2013,7.7635
5/28/2013,7.7636
5/29/2013,7.7637
5/30/2013,7.7639
5/31/2013,7.7625
6/3/2013,7.7626
6/4/2013,7.7612
6/5/2013,7.761
6/6/2013,7.7617
6/7/2013,7.7629
6/10/2013,7.764
6/11/2013,7.7646
6/12/2013,7.7654
6/13/2013,7.7638
6/14/2013,7.7612
6/17/2013,7.7598
6/18/2013,7.7583
6/19/2013,7.7564
6/20/2013,7.7534
6/21/2013,7.7583
6/24/2013,7.7581
6/25/2013,7.758
6/26/2013,7.7584
6/27/2013,7.7579
6/28/2013,7.756
7/1/2013,7.7554
7/2/2013,7.7535
7/3/2013,7.7545
7/5/2013,7.7547
7/8/2013,7.7562
7/9/2013,7.7562
7/10/2013,7.7569
7/11/2013,7.7572
7/12/2013,7.7581
7/15/2013,7.7587
7/16/2013,7.7572
7/17/2013,7.7576
7/18/2013,7.7575
7/19/2013,7.7577
7/22/2013,7.7579
7/23/2013,7.7576
7/24/2013,7.7575
7/25/2013,7.7577
7/26/2013,7.7571
7/29/2013,7.7574
7/30/2013,7.7549
7/31/2013,7.7558
8/1/2013,7.7559
8/2/2013,7.7557
8/5/2013,7.7564
8/6/2013,7.7561
8/7/2013,7.7564
8/8/2013,7.7562
8/9/2013,7.7556
8/12/2013,7.7556
8/13/2013,7.755
8/14/2013,7.7552
8/15/2013,7.7548
8/16/2013,7.7542
8/19/2013,7.7546
8/20/2013,7.7537
8/21/2013,7.7545
8/22/2013,7.7554
8/23/2013,7.7551
8/26/2013,7.7554
8/27/2013,7.7562
8/28/2013,7.7551
8/29/2013,7.755
8/30/2013,7.7544
9/3/2013,7.7547
9/4/2013,7.7554
9/5/2013,7.7557
9/6/2013,7.7554
9/9/2013,7.755
9/10/2013,7.7547
9/11/2013,7.7545
9/12/2013,7.754
9/13/2013,7.7544
9/16/2013,7.7536
9/17/2013,7.7538
9/18/2013,7.7539
9/19/2013,7.7535
9/20/2013,7.7533
9/23/2013,7.7533
9/24/2013,7.7536
9/25/2013,7.7537
9/26/2013,7.7542
9/27/2013,7.7539
9/30/2013,7.7551
10/1/2013,7.7535
10/2/2013,7.7545
10/3/2013,7.7542
10/4/2013,7.7541
10/7/2013,7.7542
10/8/2013,7.7542
10/9/2013,7.7544
10/10/2013,7.7543
10/11/2013,7.7541
10/15/2013,7.7538
10/16/2013,7.7543
10/17/2013,7.754
10/18/2013,7.7532
10/21/2013,7.7525
10/22/2013,7.7524
10/23/2013,7.7525
10/24/2013,7.7531
10/25/2013,7.7528
10/28/2013,7.7533
10/29/2013,7.7535
10/30/2013,7.7535
10/31/2013,7.753
11/1/2013,7.7524
11/4/2013,7.7518
11/5/2013,7.7516
11/6/2013,7.7512
11/7/2013,7.7516
11/8/2013,7.7515
11/12/2013,7.7527
11/13/2013,7.7528
11/14/2013,7.7535
11/15/2013,7.7535
11/18/2013,7.7521
11/19/2013,7.7514
11/20/2013,7.7515
11/21/2013,7.7525
11/22/2013,7.7531
11/25/2013,7.7525
11/26/2013,7.7521
11/27/2013,7.7528
11/29/2013,7.7526
12/2/2013,7.7517
12/3/2013,7.7522
12/4/2013,7.7528
12/5/2013,7.7538
12/6/2013,7.7542
12/9/2013,7.7532
12/10/2013,7.7532
12/11/2013,7.7543
12/12/2013,7.7533
12/13/2013,7.7534
12/16/2013,7.7533
12/17/2013,7.7525
12/18/2013,7.7522
12/19/2013,7.7534
12/20/2013,7.7539
12/23/2013,7.7535
12/24/2013,7.7545
12/26/2013,7.755
12/27/2013,7.7548
12/30/2013,7.7542
12/31/2013,7.7539
1/2/2014,7.7534
1/3/2014,7.7537
1/6/2014,7.7542
1/7/2014,7.7542
1/8/2014,7.7543
1/9/2014,7.7541
1/10/2014,7.7542
1/13/2014,7.7543
1/14/2014,7.7536
1/15/2014,7.7543
1/16/2014,7.7546
1/17/2014,7.7561
1/21/2014,7.7568
1/22/2014,7.7581
1/23/2014,7.7584
1/24/2014,7.764
1/27/2014,7.7659
1/28/2014,7.7643
1/29/2014,7.7642
1/30/2014,7.7663
1/31/2014,7.7642
2/3/2014,7.7645
2/4/2014,7.7645
2/5/2014,7.7621
2/6/2014,7.7589
2/7/2014,7.7586
2/10/2014,7.7569
2/11/2014,7.756
2/12/2014,7.7563
2/13/2014,7.7554
2/14/2014,7.7547
2/18/2014,7.755
2/19/2014,7.7551
2/20/2014,7.7555
2/21/2014,7.7558
2/24/2014,7.7591
2/25/2014,7.7614
2/26/2014,7.7601
2/27/2014,7.7609
2/28/2014,7.7608
3/3/2014,7.76
3/4/2014,7.76
3/5/2014,7.7606
3/6/2014,7.7608
3/7/2014,7.7605
3/10/2014,7.7613
3/11/2014,7.7618
3/12/2014,7.7657
3/13/2014,7.7644
3/14/2014,7.7661
3/17/2014,7.7657
3/18/2014,7.7669
3/19/2014,7.7651
3/20/2014,7.7644
3/21/2014,7.7589
3/24/2014,7.7575
3/25/2014,7.7563
3/26/2014,7.7583
3/27/2014,7.7578
3/28/2014,7.7573
3/31/2014,7.7567
4/1/2014,7.7568
4/2/2014,7.7561
4/3/2014,7.7568
4/4/2014,7.7566
4/7/2014,7.7548
4/8/2014,7.7544
4/9/2014,7.7533
4/10/2014,7.7527
4/11/2014,7.7525
4/14/2014,7.7533
4/15/2014,7.7539
4/16/2014,7.7546
4/17/2014,7.7542
4/18/2014,7.7539
4/21/2014,7.7535
4/22/2014,7.7517
4/23/2014,7.7529
4/24/2014,7.7531
4/25/2014,7.7533
4/28/2014,7.7532
4/29/2014,7.7535
4/30/2014,7.7527
5/1/2014,7.7528
5/2/2014,7.753
5/5/2014,7.7522
5/6/2014,7.7519
5/7/2014,7.7519
5/8/2014,7.7516
5/9/2014,7.7514
5/12/2014,7.7517
5/13/2014,7.7518
5/14/2014,7.7517
5/15/2014,7.7518
5/16/2014,7.752
5/19/2014,7.7519
5/20/2014,7.7524
5/21/2014,7.7527
5/22/2014,7.7535
5/23/2014,7.7532
5/27/2014,7.7531
5/28/2014,7.7527
5/29/2014,7.7527
5/30/2014,7.7523
6/2/2014,7.7537
6/3/2014,7.7527
6/4/2014,7.7527
6/5/2014,7.7525
6/6/2014,7.7524
6/9/2014,7.7511
6/10/2014,7.7514
6/11/2014,7.7516
6/12/2014,7.7511
6/13/2014,7.7515
6/16/2014,7.751
6/17/2014,7.7514
6/18/2014,7.7513
6/19/2014,7.7504
6/20/2014,7.7514
6/23/2014,7.7507
6/24/2014,7.7516
6/25/2014,7.7515
6/26/2014,7.7515
6/27/2014,7.7517
6/30/2014,7.7502
7/1/2014,7.75
7/2/2014,7.7501
7/3/2014,7.7508
7/7/2014,7.7497
7/8/2014,7.7495
7/9/2014,7.75
7/10/2014,7.75
7/11/2014,7.7496
7/14/2014,7.7498
7/15/2014,7.75
7/16/2014,7.7501
7/17/2014,7.7507
7/18/2014,7.7512
7/21/2014,7.7517
7/22/2014,7.751
7/23/2014,7.7506
7/24/2014,7.7501
7/25/2014,7.75
7/28/2014,7.7496
7/29/2014,7.75
7/30/2014,7.7498
7/31/2014,7.7497
8/1/2014,7.7496
8/4/2014,7.75
8/5/2014,7.7496
8/6/2014,7.7501
8/7/2014,7.7511
8/8/2014,7.7513
8/11/2014,7.7514
8/12/2014,7.7511
8/13/2014,7.7508
8/14/2014,7.7503
8/15/2014,7.75
8/18/2014,7.7506
8/19/2014,7.7503
8/20/2014,7.7506
8/21/2014,7.75
8/22/2014,7.75
8/25/2014,7.7501
8/26/2014,7.7505
8/27/2014,7.7501
8/28/2014,7.75
8/29/2014,7.7501
9/2/2014,7.7502
9/3/2014,7.7502
9/4/2014,7.7502
9/5/2014,7.75
9/8/2014,7.7504
9/9/2014,7.7502
9/10/2014,7.7503
9/11/2014,7.7505
9/12/2014,7.7505
9/15/2014,7.7507
9/16/2014,7.751
9/17/2014,7.7511
9/18/2014,7.7511
9/19/2014,7.7512
9/22/2014,7.7513
9/23/2014,7.7511
9/24/2014,7.7519
9/25/2014,7.7538
9/26/2014,7.7581
9/29/2014,7.765
9/30/2014,7.7648
10/1/2014,7.7645
10/2/2014,7.7622
10/3/2014,7.7563
10/6/2014,7.755
10/7/2014,7.7541
10/8/2014,7.7568
10/9/2014,7.756
10/10/2014,7.7595
10/14/2014,7.7564
10/15/2014,7.757
10/16/2014,7.7575
10/17/2014,7.7588
10/20/2014,7.7577
10/21/2014,7.7565
10/22/2014,7.7567
10/23/2014,7.7575
10/24/2014,7.7565
10/27/2014,7.7572
10/28/2014,7.7573
10/29/2014,7.7548
10/30/2014,7.7553
10/31/2014,7.7551
11/3/2014,7.7545
11/4/2014,7.7522
11/5/2014,7.7519
11/6/2014,7.7522
11/7/2014,7.7523
11/10/2014,7.7542
11/12/2014,7.7546
11/13/2014,7.7546
11/14/2014,7.754
11/17/2014,7.7548
11/18/2014,7.7547
11/19/2014,7.755
11/20/2014,7.7557
11/21/2014,7.7572
11/24/2014,7.7562
11/25/2014,7.7546
11/26/2014,7.7534
11/28/2014,7.7548
12/1/2014,7.754
12/2/2014,7.7545
12/3/2014,7.7523
12/4/2014,7.7515
12/5/2014,7.751
12/8/2014,7.751
12/9/2014,7.7534
12/10/2014,7.751
12/11/2014,7.7509
12/12/2014,7.7519
12/15/2014,7.7524
12/16/2014,7.7538
12/17/2014,7.7551
12/18/2014,7.7555
12/19/2014,7.7538
12/22/2014,7.7561
12/23/2014,7.7572
12/24/2014,7.7616
12/29/2014,7.7577
12/30/2014,7.7576
12/31/2014,7.7531
1/2/2015,7.7563
1/5/2015,7.7557
1/6/2015,7.7532
1/7/2015,7.7548
1/8/2015,7.7553
1/9/2015,7.753
1/12/2015,7.7528
1/13/2015,7.7526
1/14/2015,7.7544
1/15/2015,7.7534
1/16/2015,7.7539
1/20/2015,7.7519
1/21/2015,7.7508
1/22/2015,7.7521
1/23/2015,7.7511
1/26/2015,7.7522
1/27/2015,7.7518
1/28/2015,7.7523
1/29/2015,7.7516
1/30/2015,7.7529
2/2/2015,7.753
2/3/2015,7.7535
2/4/2015,7.7517
2/5/2015,7.7518
2/6/2015,7.7524
2/9/2015,7.7533
2/10/2015,7.7541
2/11/2015,7.7546
2/12/2015,7.7552
2/13/2015,7.7553
2/17/2015,7.7584
2/18/2015,7.7584
2/19/2015,7.7573
2/20/2015,7.7577
2/23/2015,7.7568
2/24/2015,7.7557
2/25/2015,7.7565
2/26/2015,7.755
2/27/2015,7.7559
3/2/2015,7.7545
3/3/2015,7.7537
3/4/2015,7.7544
3/5/2015,7.756
3/6/2015,7.7565
3/9/2015,7.76
3/10/2015,7.7601
3/11/2015,7.7647
3/12/2015,7.7685
3/13/2015,7.7686
3/16/2015,7.7654
3/17/2015,7.7632
3/18/2015,7.758
3/19/2015,7.7596
3/20/2015,7.7592
3/23/2015,7.7551
3/24/2015,7.7561
3/25/2015,7.7554
3/26/2015,7.7544
3/27/2015,7.7534
3/30/2015,7.7549
3/31/2015,7.754
4/1/2015,7.7524
4/2/2015,7.7525
4/3/2015,7.7516
4/6/2015,7.7525
4/7/2015,7.7515
4/8/2015,7.7503
4/9/2015,7.7499
4/10/2015,7.7499
4/13/2015,7.75
4/14/2015,7.7518
4/15/2015,7.7521
4/16/2015,7.7516
4/17/2015,7.751
4/20/2015,7.75
4/21/2015,7.7501
4/22/2015,7.75
4/23/2015,7.7495
4/24/2015,7.7499
4/27/2015,7.7499
4/28/2015,7.7505
4/29/2015,7.7504
4/30/2015,7.7513
5/1/2015,7.7509
5/4/2015,7.753
5/5/2015,7.7518
5/6/2015,7.7518
5/7/2015,7.7539
5/8/2015,7.7536
5/11/2015,7.7535
5/12/2015,7.7528
5/13/2015,7.7517
5/14/2015,7.7505
5/15/2015,7.7505
5/18/2015,7.752
5/19/2015,7.7519
5/20/2015,7.7521
5/21/2015,7.7534
5/22/2015,7.7517
5/26/2015,7.7523
5/27/2015,7.7594
5/28/2015,7.7535
5/29/2015,7.7535
6/1/2015,7.7567
6/2/2015,7.7566
6/3/2015,7.753
6/4/2015,7.7522
6/5/2015,7.7531
6/8/2015,7.7518
6/9/2015,7.7533
6/10/2015,7.7524
6/11/2015,7.7523
6/12/2015,7.753
6/15/2015,7.7523
6/16/2015,7.7519
6/17/2015,7.7525
6/18/2015,7.7526
6/19/2015,7.7515
6/22/2015,7.7517
6/23/2015,7.7527
6/24/2015,7.7529
6/25/2015,7.7518
6/26/2015,7.7523
6/29/2015,7.7526
6/30/2015,7.7513
7/1/2015,7.7524
7/2/2015,7.7512
7/6/2015,7.7528
7/7/2015,7.7553
7/8/2015,7.7519
7/9/2015,7.7511
7/10/2015,7.751
7/13/2015,7.7523
7/14/2015,7.7511
7/15/2015,7.7502
7/16/2015,7.7506
7/17/2015,7.7504
7/20/2015,7.7508
7/21/2015,7.7508
7/22/2015,7.7503
7/23/2015,7.7508
7/24/2015,7.7513
7/27/2015,7.7507
7/28/2015,7.7511
7/29/2015,7.7513
7/30/2015,7.7523
7/31/2015,7.7514
8/3/2015,7.7531
8/4/2015,7.7535
8/5/2015,7.7519
8/6/2015,7.7505
8/7/2015,7.7525
8/10/2015,7.7529
8/11/2015,7.7627
8/12/2015,7.7555
8/13/2015,7.755
8/14/2015,7.7554
8/17/2015,7.7547
8/18/2015,7.7541
8/19/2015,7.7527
8/20/2015,7.7525
8/21/2015,7.7508
8/24/2015,7.7537
8/25/2015,7.751
8/26/2015,7.7512
8/27/2015,7.7496
8/28/2015,7.7499
8/31/2015,7.75
9/1/2015,7.75
9/2/2015,7.75
9/3/2015,7.7504
9/4/2015,7.7499
9/8/2015,7.7505
9/9/2015,7.7511
9/10/2015,7.7499
9/11/2015,7.75
9/14/2015,7.75
9/15/2015,7.7501
9/16/2015,7.75
9/17/2015,7.75
9/18/2015,7.7499
9/21/2015,7.7502
9/22/2015,7.7495
9/23/2015,7.75
9/24/2015,7.7502
9/25/2015,7.7504
9/28/2015,7.7501
9/29/2015,7.75
9/30/2015,7.7499
10/1/2015,7.75
10/2/2015,7.7501
10/5/2015,7.75
10/6/2015,7.75
10/7/2015,7.7498
10/8/2015,7.75
10/9/2015,7.7498
10/13/2015,7.75
10/14/2015,7.7499
10/15/2015,7.7498
10/16/2015,7.75
10/19/2015,7.75
10/20/2015,7.7499
10/21/2015,7.7503
10/22/2015,7.7498
10/23/2015,7.75
10/26/2015,7.7495
10/27/2015,7.7499
10/28/2015,7.7495
10/29/2015,7.7496
10/30/2015,7.7496
11/2/2015,7.7499
11/3/2015,7.75
11/4/2015,7.7502
11/5/2015,7.7507
11/6/2015,7.7512
11/9/2015,7.7518
11/10/2015,7.751
11/12/2015,7.7498
11/13/2015,7.7509
11/16/2015,7.7516
11/17/2015,7.75
11/18/2015,7.7502
11/19/2015,7.7498
11/20/2015,7.75
11/23/2015,7.7502
11/24/2015,7.75
11/25/2015,7.7504
11/27/2015,7.7507
11/30/2015,7.7526
12/1/2015,7.7518
12/2/2015,7.7504
12/3/2015,7.7498
12/4/2015,7.75
12/7/2015,7.75
12/8/2015,7.7503
12/9/2015,7.7501
12/10/2015,7.7499
12/11/2015,7.7504
12/14/2015,7.7506
12/15/2015,7.7504
12/16/2015,7.7501
12/17/2015,7.7526
12/18/2015,7.7527
12/21/2015,7.7524
12/22/2015,7.7518
12/23/2015,7.7498
12/24/2015,7.7513
12/28/2015,7.7508
12/29/2015,7.7496
12/30/2015,7.7506
12/31/2015,7.7507
1/4/2016,7.7505
1/5/2016,7.7517
1/6/2016,7.7523
1/7/2016,7.7541
1/8/2016,7.7636
1/11/2016,7.7596
1/12/2016,7.7617
1/13/2016,7.7594
1/14/2016,7.7854
1/15/2016,7.7962
1/19/2016,7.8173
1/20/2016,7.827
1/21/2016,7.8144
1/22/2016,7.7922
1/25/2016,7.7881
1/26/2016,7.7932
1/27/2016,7.7942
1/28/2016,7.7939
1/29/2016,7.7876
2/1/2016,7.7739
2/2/2016,7.7924
2/3/2016,7.7969
2/4/2016,7.7872
2/5/2016,7.7929
2/8/2016,7.7911
2/9/2016,7.7955
2/10/2016,7.7909
2/11/2016,7.7924
2/12/2016,7.789
2/16/2016,7.7893
2/17/2016,7.7858
2/18/2016,7.779
2/19/2016,7.772
2/22/2016,7.7714
2/23/2016,7.77
2/24/2016,7.7702
2/25/2016,7.7703
2/26/2016,7.7724
2/29/2016,7.7763
3/1/2016,7.7709
3/2/2016,7.7745
3/3/2016,7.7707
3/4/2016,7.7647
3/7/2016,7.7641
3/8/2016,7.7675
3/9/2016,7.7648
3/10/2016,7.7639
3/11/2016,7.7574
3/14/2016,7.7578
3/15/2016,7.76
3/16/2016,7.7621
3/17/2016,7.756
3/18/2016,7.7533
3/21/2016,7.7528
3/22/2016,7.7532
3/23/2016,7.7537
3/24/2016,7.7601
3/25/2016,7.7577
3/28/2016,7.7576
3/29/2016,7.7566
3/30/2016,7.7531
3/31/2016,7.7563
4/1/2016,7.7537
4/4/2016,7.7542
4/5/2016,7.7564
4/6/2016,7.7555
4/7/2016,7.7569
4/8/2016,7.7561
4/11/2016,7.754
4/12/2016,7.7545
4/13/2016,7.7556
4/14/2016,7.7562
4/15/2016,7.7547
4/18/2016,7.7549
4/19/2016,7.7551
4/20/2016,7.7558
4/21/2016,7.7568
4/22/2016,7.7564
4/25/2016,7.7559
4/26/2016,7.7553
4/27/2016,7.7561
4/28/2016,7.7569
4/29/2016,7.757
5/2/2016,7.7591
5/3/2016,7.7617
5/4/2016,7.7608
5/5/2016,7.7618
5/6/2016,7.7605
5/9/2016,7.7626
5/10/2016,7.761
5/11/2016,7.7599
5/12/2016,7.7582
5/13/2016,7.762
5/16/2016,7.7624
5/17/2016,7.7624
5/18/2016,7.7642
5/19/2016,7.7685
5/20/2016,7.7677
5/23/2016,7.7672
5/24/2016,7.7669
5/25/2016,7.7658
5/26/2016,7.765
5/27/2016,7.7663
5/31/2016,7.7689
6/1/2016,7.7709
6/2/2016,7.7706
6/3/2016,7.7683
6/6/2016,7.7668
6/7/2016,7.7664
6/8/2016,7.762
6/9/2016,7.7619
6/10/2016,7.7628
6/13/2016,7.7621
6/14/2016,7.7604
6/15/2016,7.7601
6/16/2016,7.7609
6/17/2016,7.7613
6/20/2016,7.7605
6/21/2016,7.7585
6/22/2016,7.7579
6/23/2016,7.7568
6/24/2016,7.7587
6/27/2016,7.7605
6/28/2016,7.7588
6/29/2016,7.7587
6/30/2016,7.7591
7/1/2016,7.7581
7/5/2016,7.7587
7/6/2016,7.7583
7/7/2016,7.7582
7/8/2016,7.7581
7/11/2016,7.7573
7/12/2016,7.7584
7/13/2016,7.7557
7/14/2016,7.754
7/15/2016,7.7543
7/18/2016,7.755
7/19/2016,7.7557
7/20/2016,7.7552
7/21/2016,7.7561
7/22/2016,7.7568
7/25/2016,7.7562
7/26/2016,7.7572
7/27/2016,7.7567
7/28/2016,7.7563
7/29/2016,7.7588
8/1/2016,7.7609
8/2/2016,7.7605
8/3/2016,7.758
8/4/2016,7.7566
8/5/2016,7.7551
8/8/2016,7.757
8/9/2016,7.7565
8/10/2016,7.7562
8/11/2016,7.7562
8/12/2016,7.7565
8/15/2016,7.7565
8/16/2016,7.7549
8/17/2016,7.7549
8/18/2016,7.7528
8/19/2016,7.753
8/22/2016,7.753
8/23/2016,7.7531
8/24/2016,7.7543
8/25/2016,7.7552
8/26/2016,7.7561
8/29/2016,7.7552
8/30/2016,7.7578
8/31/2016,7.7568
9/1/2016,7.757
9/2/2016,7.7555
9/6/2016,7.7549
9/7/2016,7.7553
9/8/2016,7.7565
9/9/2016,7.757
9/12/2016,7.7579
9/13/2016,7.7584
9/14/2016,7.7582
9/15/2016,7.758
9/16/2016,7.7585
9/19/2016,7.7578
9/20/2016,7.7574
9/21/2016,7.7559
9/22/2016,7.7556
9/23/2016,7.7565
9/26/2016,7.7556
9/27/2016,7.7542
9/28/2016,7.7534
9/29/2016,7.7552
9/30/2016,7.7555
10/3/2016,7.7557
10/4/2016,7.7563
10/5/2016,7.7572
10/6/2016,7.7575
10/7/2016,7.7583
10/11/2016,7.76
10/12/2016,7.7571
10/13/2016,7.7562
10/14/2016,7.7587
10/17/2016,7.7591
10/18/2016,7.7586
10/19/2016,7.7574
10/20/2016,7.7577
10/21/2016,7.7576
10/24/2016,7.7576
10/25/2016,7.7569
10/26/2016,7.756
10/27/2016,7.7545
10/28/2016,7.7536
10/31/2016,7.7549
11/1/2016,7.7546
11/2/2016,7.7552
11/3/2016,7.7547
11/4/2016,7.7559
11/7/2016,7.7561
11/8/2016,7.755
11/9/2016,7.7552
11/10/2016,7.7562
11/14/2016,7.7581
11/15/2016,7.7575
11/16/2016,7.7575
11/17/2016,7.7568
11/18/2016,7.7572
11/21/2016,7.7555
11/22/2016,7.7557
11/23/2016,7.7561
11/25/2016,7.7553
11/28/2016,7.7555
11/29/2016,7.7562
11/30/2016,7.7566
12/1/2016,7.7563
12/2/2016,7.7547
12/5/2016,7.7555
12/6/2016,7.7552
12/7/2016,7.756
12/8/2016,7.7557
12/9/2016,7.7586
12/12/2016,7.7577
12/13/2016,7.7562
12/14/2016,7.7559
12/15/2016,7.7602
12/16/2016,7.7659
12/19/2016,7.7674
12/20/2016,7.7658
12/21/2016,7.7633
12/22/2016,7.7619
12/23/2016,7.7587
12/27/2016,7.7596
12/28/2016,7.7575
12/29/2016,7.7549
12/30/2016,7.7534
1/3/2017,7.7561
1/4/2017,7.7544
1/5/2017,7.754
1/6/2017,7.7547
1/9/2017,7.7556
1/10/2017,7.7542
1/11/2017,7.7554
1/12/2017,7.7541
1/13/2017,7.7548
1/17/2017,7.7559
1/18/2017,7.7563
1/19/2017,7.7568
1/23/2017,7.7559
1/24/2017,7.7567
1/25/2017,7.7572
1/26/2017,7.7576
1/27/2017,7.758
1/30/2017,7.7575
1/31/2017,7.7579
2/1/2017,7.7593
2/2/2017,7.7594
2/3/2017,7.7582
2/6/2017,7.7579
2/7/2017,7.7586
2/8/2017,7.7588
2/9/2017,7.7575
2/10/2017,7.7588
2/13/2017,7.7592
2/14/2017,7.7595
2/15/2017,7.7604
2/16/2017,7.7598
2/17/2017,7.761
2/21/2017,7.7605
2/22/2017,7.7599
2/23/2017,7.7595
2/24/2017,7.7609
2/27/2017,7.7611
2/28/2017,7.7627
3/1/2017,7.7632
3/2/2017,7.7623
3/3/2017,7.7635
3/6/2017,7.7634
3/7/2017,7.7643
3/8/2017,7.7675
3/9/2017,7.7648
3/10/2017,7.765
3/13/2017,7.7638
3/14/2017,7.768
3/15/2017,7.7689
3/16/2017,7.7611
3/17/2017,7.7614
3/20/2017,7.7651
3/21/2017,7.7657
3/22/2017,7.7664
3/23/2017,7.7668
3/24/2017,7.7669
3/27/2017,7.7672
3/28/2017,7.7668
3/29/2017,7.7688
3/30/2017,7.7702
3/31/2017,7.7714
4/3/2017,7.7708
4/4/2017,7.7707
4/5/2017,7.7687
4/6/2017,7.769
4/7/2017,7.7691
4/10/2017,7.7697
4/11/2017,7.7707
4/12/2017,7.7708
4/13/2017,7.7737
4/14/2017,7.7726
4/17/2017,7.7722
4/18/2017,7.7743
4/19/2017,7.7741
4/20/2017,7.7746
4/21/2017,7.7757
4/24/2017,7.7795
4/25/2017,7.7796
4/26/2017,7.7806
4/27/2017,7.7801
4/28/2017,7.7779
5/1/2017,7.7775
5/2/2017,7.781
5/3/2017,7.781
5/4/2017,7.7815
5/5/2017,7.7839
5/8/2017,7.784
5/9/2017,7.7831
5/10/2017,7.7864
5/11/2017,7.7896
5/12/2017,7.7933
5/15/2017,7.7884
5/16/2017,7.7873
5/17/2017,7.7867
5/18/2017,7.7825
5/19/2017,7.7835
5/22/2017,7.785
5/23/2017,7.7876
5/24/2017,7.7888
5/25/2017,7.7916
5/26/2017,7.7923
5/30/2017,7.7929
5/31/2017,7.7929
6/1/2017,7.7915
6/2/2017,7.7908
6/5/2017,7.7919
6/6/2017,7.7936
6/7/2017,7.7936
6/8/2017,7.7967
6/9/2017,7.7972
6/12/2017,7.8
6/13/2017,7.7979
6/14/2017,7.7981
6/15/2017,7.802
6/16/2017,7.8005
6/19/2017,7.8001
6/20/2017,7.8007
6/21/2017,7.8003
6/22/2017,7.799
6/23/2017,7.7997
6/26/2017,7.7986
6/27/2017,7.7999
6/28/2017,7.803
6/29/2017,7.8038
6/30/2017,7.8055
7/3/2017,7.81
7/5/2017,7.8072
7/6/2017,7.812
7/7/2017,7.8116
7/10/2017,7.8128
7/11/2017,7.8123
7/12/2017,7.8105
7/13/2017,7.8081
7/14/2017,7.8069
7/17/2017,7.8034
7/18/2017,7.8045
7/19/2017,7.8083
7/20/2017,7.8101
7/21/2017,7.8091
7/24/2017,7.8068
7/25/2017,7.8082
7/26/2017,7.8122
7/27/2017,7.809
7/28/2017,7.8096
7/31/2017,7.81
8/1/2017,7.8121
8/2/2017,7.8169
8/3/2017,7.8172
8/4/2017,7.819
8/7/2017,7.8223
8/8/2017,7.8234
8/9/2017,7.8173
8/10/2017,7.8163
8/11/2017,7.8191
8/14/2017,7.8211
8/15/2017,7.8237
8/16/2017,7.8217
8/17/2017,7.8232
8/18/2017,7.8233
8/21/2017,7.8252
8/22/2017,7.8263
8/23/2017,7.8259
8/24/2017,7.8239
8/25/2017,7.8215
8/28/2017,7.8229
8/29/2017,7.8244
8/30/2017,7.8254
8/31/2017,7.8267
9/1/2017,7.8241
9/5/2017,7.8253
9/6/2017,7.8256
9/7/2017,7.8138
9/8/2017,7.8112
9/11/2017,7.8113
9/12/2017,7.8106
9/13/2017,7.8123
9/14/2017,7.812
9/15/2017,7.818
9/18/2017,7.8164
9/19/2017,7.8046
9/20/2017,7.7995
9/21/2017,7.8062
9/22/2017,7.8082
9/25/2017,7.8135
9/26/2017,7.8128
9/27/2017,7.809
9/28/2017,7.8093
9/29/2017,7.811
10/2/2017,7.8098
10/3/2017,7.8106
10/4/2017,7.8065
10/5/2017,7.8092
10/6/2017,7.8057
10/10/2017,7.8037
10/11/2017,7.8056
10/12/2017,7.8085
10/13/2017,7.8073
10/16/2017,7.807
10/17/2017,7.8077
10/18/2017,7.807
10/19/2017,7.8006
10/20/2017,7.8027
10/23/2017,7.8037
10/24/2017,7.8042
10/25/2017,7.8035
10/26/2017,7.8026
10/27/2017,7.8044
10/30/2017,7.7996
10/31/2017,7.8015
11/1/2017,7.8012
11/2/2017,7.8025
11/3/2017,7.8023
11/6/2017,7.8029
11/7/2017,7.8042
11/8/2017,7.7955
11/9/2017,7.7997
11/13/2017,7.8013
11/14/2017,7.8033
11/15/2017,7.8064
11/16/2017,7.8097
11/17/2017,7.8116
11/20/2017,7.8118
11/21/2017,7.8109
11/22/2017,7.8114
11/24/2017,7.8087
11/27/2017,7.8011
11/28/2017,7.802
11/29/2017,7.8083
11/30/2017,7.8093
12/1/2017,7.8118
12/4/2017,7.8174
12/5/2017,7.8144
12/6/2017,7.813
12/7/2017,7.8107
12/8/2017,7.805
12/11/2017,7.8063
12/12/2017,7.8069
12/13/2017,7.805
12/14/2017,7.8074
12/15/2017,7.8138
12/18/2017,7.8165
12/19/2017,7.8176
12/20/2017,7.8228
12/21/2017,7.8187
12/22/2017,7.8137
12/26/2017,7.8151
12/27/2017,7.8121
12/28/2017,7.8153
12/29/2017,7.8128
1/2/2018,7.8161
1/3/2018,7.8165
1/4/2018,7.8179
1/5/2018,7.8186
1/8/2018,7.8212
1/9/2018,7.8202
1/10/2018,7.8219
1/11/2018,7.8224
1/12/2018,7.8228
1/16/2018,7.823
1/17/2018,7.8187
1/18/2018,7.8176
1/19/2018,7.8173
1/22/2018,7.8177
1/23/2018,7.8175
1/24/2018,7.8176
1/25/2018,7.8168
1/26/2018,7.8179
1/29/2018,7.8172
1/30/2018,7.8196
1/31/2018,7.821
2/1/2018,7.8218
2/2/2018,7.821
2/5/2018,7.821
2/6/2018,7.82
2/7/2018,7.8183
2/8/2018,7.8199
2/9/2018,7.8194
2/12/2018,7.8203
2/13/2018,7.8226
2/14/2018,7.8212
2/15/2018,7.8206
2/16/2018,7.8217
2/20/2018,7.8238
2/21/2018,7.825
2/22/2018,7.8246
2/23/2018,7.8233
2/26/2018,7.8236
2/27/2018,7.8267
2/28/2018,7.8262
3/1/2018,7.8275
3/2/2018,7.831
3/5/2018,7.8315
3/6/2018,7.8335
3/7/2018,7.8356
3/8/2018,7.8418
3/9/2018,7.8375
3/12/2018,7.8404
3/13/2018,7.8401
3/14/2018,7.8405
3/15/2018,7.8415
3/16/2018,7.8435
3/19/2018,7.8428
3/20/2018,7.8439
3/21/2018,7.8457
3/22/2018,7.8479
3/23/2018,7.846
3/26/2018,7.8459
3/27/2018,7.8465
3/28/2018,7.8475
3/29/2018,7.8486
3/30/2018,7.8484
4/2/2018,7.8485
4/3/2018,7.8487
4/4/2018,7.849
4/5/2018,7.8489
4/6/2018,7.8482
4/9/2018,7.8488
4/10/2018,7.8494
4/11/2018,7.8498
4/12/2018,7.8499
4/13/2018,7.8499
4/16/2018,7.8496
4/17/2018,7.8496
4/18/2018,7.8499
4/19/2018,7.8486
4/20/2018,7.8448
4/23/2018,7.8432
4/24/2018,7.8468
4/25/2018,7.8468
4/26/2018,7.8461
4/27/2018,7.8483
4/30/2018,7.8479
5/1/2018,7.8488
5/2/2018,7.8495
5/3/2018,7.8495
5/4/2018,7.8493
5/7/2018,7.8496
5/8/2018,7.8494
5/9/2018,7.8498
5/10/2018,7.8497
5/11/2018,7.8498
5/14/2018,7.8494
5/15/2018,7.8497
5/16/2018,7.8499
5/17/2018,7.8496
5/18/2018,7.8498
5/21/2018,7.849
5/22/2018,7.8495
5/23/2018,7.8496
5/24/2018,7.8477
5/25/2018,7.8456
5/29/2018,7.8455
5/30/2018,7.8476
5/31/2018,7.8439
6/1/2018,7.8454
6/4/2018,7.8454
6/5/2018,7.8468
6/6/2018,7.8472
6/7/2018,7.8462
6/8/2018,7.8456
6/11/2018,7.8462
6/12/2018,7.8464
6/13/2018,7.848
6/14/2018,7.8486
6/15/2018,7.8492
6/18/2018,7.8492
6/19/2018,7.8491
6/20/2018,7.8464
6/21/2018,7.8452
6/22/2018,7.8459
6/25/2018,7.8471
6/26/2018,7.849
6/27/2018,7.8481
6/28/2018,7.8481
6/29/2018,7.8463
7/2/2018,7.8451
7/3/2018,7.8439
7/5/2018,7.8467
7/6/2018,7.8479
7/9/2018,7.8485
7/10/2018,7.848
7/11/2018,7.8487
7/12/2018,7.8484
7/13/2018,7.8486
7/16/2018,7.8484
7/17/2018,7.8486
7/18/2018,7.8493
7/19/2018,7.8493
7/20/2018,7.8491
7/23/2018,7.8477
7/24/2018,7.8466
7/25/2018,7.8457
7/26/2018,7.848
7/27/2018,7.8478
7/30/2018,7.848
7/31/2018,7.8484
8/1/2018,7.8486
8/2/2018,7.8492
8/3/2018,7.8486
8/6/2018,7.8482
8/7/2018,7.8492
8/8/2018,7.8489
8/9/2018,7.8495
8/10/2018,7.8495
8/13/2018,7.8495
8/14/2018,7.8499
8/15/2018,7.8496
8/16/2018,7.8494
8/17/2018,7.849
8/20/2018,7.8494
8/21/2018,7.8492
8/22/2018,7.8496
8/23/2018,7.8498
8/24/2018,7.8496
8/27/2018,7.8499
8/28/2018,7.8494
8/29/2018,7.8486
8/30/2018,7.8487
8/31/2018,7.8486
9/4/2018,7.8491
9/5/2018,7.8492
9/6/2018,7.8495
9/7/2018,7.8494
9/10/2018,7.8496
9/11/2018,7.8494
9/12/2018,7.8485
9/13/2018,7.8485
9/14/2018,7.8465
9/17/2018,7.8432
9/18/2018,7.8432
9/19/2018,7.8451
9/20/2018,7.8426
9/21/2018,7.808
9/24/2018,7.8114
9/25/2018,7.8095
9/26/2018,7.8092
9/27/2018,7.8134
9/28/2018,7.8259
10/1/2018,7.826
10/2/2018,7.8336
10/3/2018,7.8361
10/4/2018,7.835
10/5/2018,7.8349
10/9/2018,7.8336
10/10/2018,7.8373
10/11/2018,7.8365
10/12/2018,7.8357
10/15/2018,7.836
10/16/2018,7.8362
10/17/2018,7.8388
10/18/2018,7.8383
10/19/2018,7.8405
10/22/2018,7.8393
10/23/2018,7.8396
10/24/2018,7.8413
10/25/2018,7.8406
10/26/2018,7.8393
10/29/2018,7.8433
10/30/2018,7.8429
10/31/2018,7.8393
11/1/2018,7.8365
11/2/2018,7.8205
11/5/2018,7.8288
11/6/2018,7.8292
11/7/2018,7.8292
11/8/2018,7.8276
11/9/2018,7.8315
11/13/2018,7.8287
11/14/2018,7.8323
11/15/2018,7.8325
11/16/2018,7.8306
11/19/2018,7.8319
11/20/2018,7.8305
11/21/2018,7.8325
11/23/2018,7.8238
11/26/2018,7.8239
11/27/2018,7.8289
11/28/2018,7.8256
11/29/2018,7.8227
11/30/2018,7.8244
12/3/2018,7.8151
12/4/2018,7.8043
12/6/2018,7.8111
12/7/2018,7.8141
12/10/2018,7.8136
12/11/2018,7.8156
12/12/2018,7.8139
12/13/2018,7.8125
12/14/2018,7.8103
12/17/2018,7.8121
12/18/2018,7.819
12/19/2018,7.8254
12/20/2018,7.8294
12/21/2018,7.8321
12/26/2018,7.8291
12/27/2018,7.8287
12/28/2018,7.8316
12/31/2018,7.8305
1/2/2019,7.835
1/3/2019,7.8308
1/4/2019,7.8339
1/7/2019,7.8348
1/8/2019,7.838
1/9/2019,7.8369
1/10/2019,7.8378
1/11/2019,7.8393
1/15/2019,7.8425
1/16/2019,7.8431
1/17/2019,7.8432
1/18/2019,7.8432
1/22/2019,7.8454
1/23/2019,7.8454
1/24/2019,7.8454
1/25/2019,7.8452
1/28/2019,7.8459
1/29/2019,7.8461
1/30/2019,7.8445
1/31/2019,7.8463
2/1/2019,7.8468
2/4/2019,7.8465
2/5/2019,7.846
2/6/2019,7.8465
2/7/2019,7.8469
2/8/2019,7.8469
2/11/2019,7.848
2/12/2019,7.8484
2/13/2019,7.8485
2/14/2019,7.8472
2/15/2019,7.8477
2/19/2019,7.8486
2/21/2019,7.8467
2/22/2019,7.8481
2/25/2019,7.8486
2/26/2019,7.8486
2/27/2019,7.8493
2/28/2019,7.8496
3/1/2019,7.8481
3/4/2019,7.849
3/5/2019,7.8497
3/6/2019,7.8497
3/7/2019,7.8498
3/8/2019,7.8497
3/11/2019,7.8498
3/12/2019,7.8499
3/13/2019,7.8499
3/14/2019,7.8499
3/15/2019,7.8492
3/18/2019,7.8497
3/19/2019,7.8498
3/20/2019,7.8499
3/21/2019,7.8473
3/22/2019,7.8466
3/25/2019,7.8466
3/26/2019,7.849
3/27/2019,7.8491
3/28/2019,7.8499
3/29/2019,7.8498
4/1/2019,7.8495
4/2/2019,7.8495
4/3/2019,7.8496
4/4/2019,7.849
4/5/2019,7.8497
4/8/2019,7.8451
4/9/2019,7.8423
4/10/2019,7.8368
4/11/2019,7.8436
4/12/2019,7.8427
4/15/2019,7.8388
4/16/2019,7.8434
4/17/2019,7.8442
4/18/2019,7.8452
4/19/2019,7.8445
4/22/2019,7.8445
4/23/2019,7.8433
4/24/2019,7.8417
4/25/2019,7.8437
4/26/2019,7.8433
4/29/2019,7.8432
4/30/2019,7.8451
5/1/2019,7.8448
5/2/2019,7.8438
5/3/2019,7.845
5/6/2019,7.8449
5/7/2019,7.8483
5/8/2019,7.8489
5/9/2019,7.8485
5/10/2019,7.8487
5/13/2019,7.8491
5/14/2019,7.8494
5/15/2019,7.8495
5/16/2019,7.8494
5/17/2019,7.8496
5/20/2019,7.8493
5/21/2019,7.8495
5/22/2019,7.8497
5/23/2019,7.849
5/24/2019,7.849
5/28/2019,7.8495
5/29/2019,7.8488
5/30/2019,7.8477
5/31/2019,7.8387
6/3/2019,7.8359
6/4/2019,7.8419
6/5/2019,7.8408
6/6/2019,7.8393
6/7/2019,7.8413
6/10/2019,7.843
6/11/2019,7.8369
6/12/2019,7.825
6/13/2019,7.8289
6/14/2019,7.8259
6/17/2019,7.8322
6/18/2019,7.8319
6/19/2019,7.8235
6/20/2019,7.8137
6/21/2019,7.8091
6/24/2019,7.8085
6/25/2019,7.8104
6/26/2019,7.808
6/27/2019,7.8144
6/28/2019,7.8103
7/1/2019,7.8127
7/2/2019,7.8001
7/3/2019,7.7975
7/5/2019,7.7956
7/8/2019,7.7989
7/9/2019,7.8101
7/10/2019,7.8159
7/11/2019,7.8211
7/12/2019,7.824
7/15/2019,7.8265
7/16/2019,7.817
7/17/2019,7.8133
7/18/2019,7.8166
7/19/2019,7.806
7/22/2019,7.8099
7/23/2019,7.8109
7/24/2019,7.8126
7/25/2019,7.8143
7/26/2019,7.8191
7/29/2019,7.8192
7/30/2019,7.8241
7/31/2019,7.8275
8/1/2019,7.8266
8/2/2019,7.8288
8/5/2019,7.8413
8/6/2019,7.8384
8/7/2019,7.8429
8/8/2019,7.8403
8/9/2019,7.8426
8/12/2019,7.8464
8/13/2019,7.8462
8/14/2019,7.8467
8/15/2019,7.8411
8/16/2019,7.8426
8/19/2019,7.8457
8/20/2019,7.8434
8/21/2019,7.8435
8/22/2019,7.8404
8/23/2019,7.8438
8/26/2019,7.8457
8/27/2019,7.8469
8/28/2019,7.8439
8/29/2019,7.8462
8/30/2019,7.8403
9/3/2019,7.8425
9/4/2019,7.8386
9/5/2019,7.8378
9/6/2019,7.8389
9/9/2019,7.8378
9/10/2019,7.84
9/11/2019,7.8396
9/12/2019,7.8262
9/13/2019,7.8237
9/16/2019,7.8177
9/17/2019,7.822
9/18/2019,7.8305
9/19/2019,7.8318
9/20/2019,7.8382
9/23/2019,7.8401
9/24/2019,7.8406
9/25/2019,7.8379
9/26/2019,7.837
9/27/2019,7.8395
9/30/2019,7.8401
10/1/2019,7.8425
10/2/2019,7.8431
10/3/2019,7.8433
10/4/2019,7.8433
10/7/2019,7.8436
10/8/2019,7.8447
10/9/2019,7.8454
10/10/2019,7.8411
10/11/2019,7.8441
10/15/2019,7.8438
10/16/2019,7.8446
10/17/2019,7.8442
10/18/2019,7.8427
10/21/2019,7.8437
10/22/2019,7.8426
10/23/2019,7.8414
10/24/2019,7.8371
10/25/2019,7.8375
10/28/2019,7.8394
10/29/2019,7.8398
10/30/2019,7.8404
10/31/2019,7.8376
11/1/2019,7.8365
11/4/2019,7.836
11/5/2019,7.8325
11/6/2019,7.826
11/7/2019,7.8265
11/8/2019,7.8256
11/12/2019,7.8273
11/13/2019,7.8302
11/14/2019,7.8289
11/15/2019,7.8261
11/18/2019,7.8274
11/19/2019,7.8279
11/20/2019,7.8252
11/21/2019,7.8208
11/22/2019,7.8242
11/25/2019,7.8263
11/26/2019,7.8286
11/27/2019,7.8281
11/29/2019,7.8267
12/2/2019,7.8284
12/3/2019,7.8286
12/4/2019,7.8288
12/5/2019,7.8289
12/6/2019,7.8288
12/9/2019,7.8284
12/10/2019,7.8266
12/11/2019,7.8117
12/12/2019,7.8056
12/13/2019,7.7951
12/16/2019,7.7933
12/17/2019,7.789
12/18/2019,7.7867
12/19/2019,7.7955
12/20/2019,7.7969
12/23/2019,7.785
12/24/2019,7.7872
12/26/2019,7.788
12/27/2019,7.7874
12/30/2019,7.7857
12/31/2019,7.7894
1/2/2020,7.7889
1/3/2020,7.7779
1/6/2020,7.769
1/7/2020,7.7764
1/8/2020,7.7753
1/9/2020,7.7664
1/10/2020,7.7661
1/13/2020,7.7719
1/14/2020,7.7755
1/15/2020,7.7707
1/16/2020,7.7714
1/17/2020,7.7678
1/21/2020,7.7693
1/22/2020,7.7718
1/23/2020,7.7725
1/24/2020,7.7721
1/27/2020,7.777
1/28/2020,7.7759
1/29/2020,7.7721
1/30/2020,7.7672
1/31/2020,7.7665
2/3/2020,7.7678
2/4/2020,7.7652
2/5/2020,7.764
2/6/2020,7.763
2/7/2020,7.7651
2/10/2020,7.7657
2/11/2020,7.7657
2/12/2020,7.7702
2/13/2020,7.7668
2/14/2020,7.7672
2/18/2020,7.7674
2/19/2020,7.7719
2/20/2020,7.7831
2/21/2020,7.7873
2/24/2020,7.7951
2/25/2020,7.7917
2/26/2020,7.7937
2/27/2020,7.7943
2/28/2020,7.7927
3/2/2020,7.782
3/3/2020,7.7724
3/4/2020,7.7712
3/5/2020,7.7734
3/6/2020,7.771
3/9/2020,7.7733
3/10/2020,7.7707
3/11/2020,7.7698
3/12/2020,7.7863
3/13/2020,7.7731
3/16/2020,7.7696
3/17/2020,7.7632
3/18/2020,7.7686
3/19/2020,7.7603
3/20/2020,7.7554
3/23/2020,7.7557
3/24/2020,7.7561
3/25/2020,7.7528
3/26/2020,7.752
3/27/2020,7.7511
3/30/2020,7.7533
3/31/2020,7.7513
4/1/2020,7.7528
4/2/2020,7.7521
4/3/2020,7.753
4/6/2020,7.7524
4/7/2020,7.7517
4/8/2020,7.7517
4/9/2020,7.7527
4/10/2020,7.7524
4/13/2020,7.7523
4/14/2020,7.7511
4/15/2020,7.7502
4/16/2020,7.7508
4/17/2020,7.7506
4/20/2020,7.7501
4/21/2020,7.75
4/22/2020,7.75
4/23/2020,7.75
4/24/2020,7.7506
4/27/2020,7.7499
4/28/2020,7.7498
4/29/2020,7.7503
4/30/2020,7.7514
5/1/2020,7.7517
5/4/2020,7.7532
5/5/2020,7.7534
5/6/2020,7.752
5/7/2020,7.7505
5/8/2020,7.7512
5/11/2020,7.7504
5/12/2020,7.7506
5/13/2020,7.7506
5/14/2020,7.7508
5/15/2020,7.7511
5/18/2020,7.7513
5/19/2020,7.7508
5/20/2020,7.75
5/21/2020,7.755
5/22/2020,7.7561
5/26/2020,7.7526
5/27/2020,7.7526
5/28/2020,7.7522
5/29/2020,7.7513
6/1/2020,7.7514
6/2/2020,7.7509
6/3/2020,7.7501
6/4/2020,7.7499
6/5/2020,7.7499
6/8/2020,7.7498
6/9/2020,7.7499
6/10/2020,7.7499
6/11/2020,7.7502
6/12/2020,7.7499
6/15/2020,7.75
6/16/2020,7.7499
6/17/2020,7.7499
6/18/2020,7.7501
6/19/2020,7.75
6/22/2020,7.75
6/23/2020,7.75
6/24/2020,7.7502
6/25/2020,7.7504
6/26/2020,7.7501
6/29/2020,7.7504
6/30/2020,7.7501
7/1/2020,7.7503
7/2/2020,7.7501
7/6/2020,7.7499
7/7/2020,7.7499
7/8/2020,7.7499
7/9/2020,7.7499
7/10/2020,7.7503
7/13/2020,7.7506
7/14/2020,7.7508
7/15/2020,7.7527
7/16/2020,7.7533
7/17/2020,7.7538
7/20/2020,7.7517
7/21/2020,7.7507
7/22/2020,7.752
7/23/2020,7.7511
7/24/2020,7.7516
7/27/2020,7.751
7/28/2020,7.7501
7/29/2020,7.75
7/30/2020,7.75
7/31/2020,7.75
8/3/2020,7.7503
8/4/2020,7.75
8/5/2020,7.7501
8/6/2020,7.75
8/7/2020,7.7504
8/10/2020,7.7502
8/11/2020,7.75
8/12/2020,7.7505
8/13/2020,7.7503
8/14/2020,7.7506
8/17/2020,7.7503
8/18/2020,7.7501
8/19/2020,7.75
8/20/2020,7.75
8/21/2020,7.7502
8/24/2020,7.75
8/25/2020,7.7501
8/26/2020,7.7502
8/27/2020,7.7498
8/28/2020,7.7502
8/31/2020,7.7501
9/1/2020,7.7499
9/2/2020,7.7501
9/3/2020,7.7501
9/4/2020,7.7504
9/8/2020,7.7503
9/9/2020,7.7503
9/10/2020,7.75
9/11/2020,7.7502
9/14/2020,7.7499
9/15/2020,7.7499
9/16/2020,7.75
9/17/2020,7.75
9/18/2020,7.7499
9/21/2020,7.75
9/22/2020,7.7501
9/23/2020,7.7499
9/24/2020,7.7499
9/25/2020,7.75
9/28/2020,7.75
9/29/2020,7.75
9/30/2020,7.75
10/1/2020,7.7501
10/2/2020,7.7501
10/5/2020,7.75
10/6/2020,7.75
10/7/2020,7.75
10/8/2020,7.75
10/9/2020,7.75
10/13/2020,7.7498
10/14/2020,7.7499
10/15/2020,7.7499
10/16/2020,7.75
10/19/2020,7.7499
10/20/2020,7.7499
10/21/2020,7.7499
10/22/2020,7.75
10/23/2020,7.7498
10/26/2020,7.75
10/27/2020,7.75
10/28/2020,7.75
10/29/2020,7.7532
10/30/2020,7.7548
11/2/2020,7.7505
11/3/2020,7.7505
11/4/2020,7.7552
11/5/2020,7.7548
11/6/2020,7.7532
11/9/2020,7.7538
11/10/2020,7.7532
11/12/2020,7.7543
11/13/2020,7.7532
11/16/2020,7.7524
11/17/2020,7.7522
11/18/2020,7.7524
11/19/2020,7.753
11/20/2020,7.7525
11/23/2020,7.7515
11/24/2020,7.7512
11/25/2020,7.7508
11/30/2020,7.7522
12/1/2020,7.7519
12/2/2020,7.7518
12/3/2020,7.7511
12/4/2020,7.7505
12/7/2020,7.7505
12/8/2020,7.7511
12/9/2020,7.7519
12/10/2020,7.7507
12/11/2020,7.7508
12/14/2020,7.7517
12/15/2020,7.7512
12/16/2020,7.7518
12/17/2020,7.7519
12/18/2020,7.752
12/21/2020,7.7524
12/22/2020,7.7526
12/23/2020,7.7529
12/28/2020,7.7536
12/29/2020,7.7539
12/30/2020,7.7521
12/31/2020,7.7534
1/4/2021,7.7537
1/5/2021,7.7533
1/6/2021,7.7532
1/7/2021,7.7534
1/8/2021,7.7555
1/11/2021,7.7554
1/12/2021,7.7549
1/13/2021,7.7538
1/14/2021,7.7543
1/15/2021,7.7537
1/19/2021,7.7522
1/21/2021,7.7517
1/22/2021,7.7519
1/25/2021,7.7517
1/26/2021,7.7523
1/27/2021,7.7518
1/28/2021,7.7531
1/29/2021,7.7531
2/1/2021,7.7527
2/2/2021,7.7515
2/3/2021,7.7516
2/4/2021,7.7524
2/5/2021,7.7524
2/8/2021,7.7525
2/9/2021,7.7516
2/10/2021,7.7522
2/11/2021,7.7526
2/12/2021,7.7528
2/16/2021,7.7522
2/17/2021,7.7522
2/18/2021,7.7528
2/19/2021,7.7531
2/22/2021,7.7536
2/23/2021,7.7536
2/24/2021,7.7546
2/25/2021,7.7536
2/26/2021,7.7567
3/1/2021,7.7565
3/2/2021,7.7575
3/3/2021,7.7562
3/4/2021,7.7582
3/5/2021,7.7642
3/8/2021,7.7698
3/9/2021,7.7617
3/10/2021,7.7611
3/11/2021,7.76
3/12/2021,7.7656
3/15/2021,7.7658
3/16/2021,7.7653
3/17/2021,7.767
3/18/2021,7.7645
3/19/2021,7.7646
3/22/2021,7.7662
3/23/2021,7.7669
3/24/2021,7.7675
3/25/2021,7.7688
3/26/2021,7.7686
3/29/2021,7.7725
3/30/2021,7.7746
3/31/2021,7.7746
4/1/2021,7.7764
4/2/2021,7.7759
4/5/2021,7.7755
4/6/2021,7.776
4/7/2021,7.7849
4/8/2021,7.7763
4/9/2021,7.7783
4/12/2021,7.773
4/13/2021,7.7739
4/14/2021,7.7668
4/15/2021,7.7666
4/16/2021,7.7699
4/19/2021,7.7662
4/20/2021,7.7609
4/21/2021,7.7636
4/22/2021,7.7596
4/23/2021,7.7605
4/26/2021,7.7601
4/27/2021,7.7612
4/28/2021,7.7637
4/29/2021,7.7635
4/30/2021,7.7664
5/3/2021,7.7662
5/4/2021,7.7677
5/5/2021,7.7697
5/6/2021,7.7686
5/7/2021,7.7664
5/10/2021,7.7651
5/11/2021,7.7677
5/12/2021,7.7667
5/13/2021,7.7686
5/14/2021,7.7663
5/17/2021,7.7661
5/18/2021,7.7657
5/19/2021,7.7647
5/20/2021,7.7631
5/21/2021,7.764
5/24/2021,7.7652
5/25/2021,7.7624
5/26/2021,7.7622
5/27/2021,7.7608
5/28/2021,7.761
6/1/2021,7.7594
6/2/2021,7.7595
6/3/2021,7.7584
6/4/2021,7.7566
6/7/2021,7.7592
6/8/2021,7.7599
6/9/2021,7.7599
6/10/2021,7.7599
6/11/2021,7.7604
6/14/2021,7.7621
6/15/2021,7.7618
6/16/2021,7.7621
6/17/2021,7.7643
6/18/2021,7.7627
6/21/2021,7.7641
6/22/2021,7.7666
6/23/2021,7.7649
6/24/2021,7.7628
6/25/2021,7.7612
