date,tweet_sentiment,sentiment_weighted,tweets,attention
1/1/2015,0,0,1,0
1/2/2015,0,0,2,3
1/3/2015,0.170833333,0.170833333,1,0
1/4/2015,,,0,0
1/5/2015,0,0,2,4
1/6/2015,0.022222222,0.022222222,6,7
1/7/2015,0.065625,0.065625,4,4
1/8/2015,0.033333333,0.033333333,3,2
1/9/2015,0.127777778,0.127777778,9,1
1/10/2015,0.042708333,0.042708333,4,0
1/11/2015,,,0,0
1/12/2015,0.083333333,0.083333333,3,2
1/13/2015,0.0125,0.0125,8,2
1/14/2015,0.06,0.06,5,0
1/15/2015,0.012685185,-0.000648148,15,49
1/16/2015,0,0,4,0
1/17/2015,,,0,0
1/18/2015,0,0,1,0
1/19/2015,0.048295455,0.048295455,8,0
1/20/2015,0.047222222,0.087222222,10,4
1/21/2015,-0.085714286,-1.457142857,7,36
1/22/2015,0.030952381,0.048809524,14,4
1/23/2015,0.122333333,0.122333333,15,1
1/24/2015,-0.015625,-0.015625,2,0
1/25/2015,0,0,2,0
1/26/2015,0.006277778,0.006277778,12,2
1/27/2015,-0.023684211,-0.034210526,19,4
1/28/2015,-0.006180556,-0.006180556,12,5
1/29/2015,0.152098765,0.513209877,9,8
1/30/2015,-0.036666667,-0.116666667,15,13
1/31/2015,0.020833333,0.020833333,2,0
2/1/2015,0.394444444,0.561111111,3,1
2/2/2015,0.03,0.03,11,3
2/3/2015,0.01,0.01,5,7
2/4/2015,0.077205882,0.077205882,17,8
2/5/2015,0.007905983,0.021367521,13,3
2/6/2015,-0.007,0.003,10,6
2/7/2015,0,0,1,0
2/8/2015,,,0,0
2/9/2015,-0.090625,-0.090625,6,0
2/10/2015,0.025,0.007142857,7,9
2/11/2015,0.036309524,-0.097619048,7,4
2/12/2015,-0.007792208,-0.007792208,7,2
2/13/2015,0,0,5,4
2/14/2015,,,0,0
2/15/2015,0.105555556,0.105555556,3,0
2/16/2015,0.05,0.05,5,0
2/17/2015,0.208571429,0.208571429,7,1
2/18/2015,0.066,0.132,5,2
2/19/2015,0,0,2,2
2/20/2015,0,0,4,1
2/21/2015,0,0,1,0
2/22/2015,,,0,0
2/23/2015,0.03,0.03,11,4
2/24/2015,0.011363636,0.011363636,4,4
2/25/2015,0.005555556,-0.052777778,6,8
2/26/2015,-0.034722222,-0.034722222,4,2
2/27/2015,0.068695652,0.068695652,23,23
2/28/2015,0.258928571,0.339285714,2,1
3/1/2015,0,0,2,0
3/2/2015,0.074808873,0.133632402,17,7
3/3/2015,0.029583333,0.029583333,12,0
3/4/2015,0.013072917,0.004479167,12,4
3/5/2015,0,0,6,7
3/6/2015,0.018518519,0.018518519,9,5
3/7/2015,0,0,1,0
3/8/2015,0.043333333,0.043333333,5,0
3/9/2015,0.058035714,0.058035714,8,3
3/10/2015,0.116666667,0.116666667,6,0
3/11/2015,0.046666667,0.146666667,12,19
3/12/2015,0,0,5,5
3/13/2015,0.085416667,0.085416667,8,6
3/14/2015,,,0,0
3/15/2015,-0.155555556,-0.088888889,3,1
3/16/2015,0,0,9,8
3/17/2015,0.072727273,0.127272727,11,9
3/18/2015,0.118055556,0.159722222,6,4
3/19/2015,0.113560606,0.113560606,11,4
3/20/2015,0.047222222,0.088888889,9,5
3/21/2015,0.125,0.25,2,1
3/22/2015,0.166666667,0.166666667,3,0
3/23/2015,0.28,0.28,5,2
3/24/2015,0.073295455,0.141477273,8,12
3/25/2015,-0.052727273,-0.092727273,5,3
3/26/2015,-0.033333333,-0.033333333,3,1
3/27/2015,-0.033333333,-0.033333333,3,2
3/28/2015,0,0,1,0
3/29/2015,0.25,0.25,1,0
3/30/2015,0.2,0.3,4,1
3/31/2015,0.083333333,0.083333333,6,1
4/1/2015,0.029220779,0.038961039,7,1
4/2/2015,0.090909091,0.090909091,5,7
4/3/2015,0.073863636,0.073863636,4,3
4/4/2015,0.25,0.25,1,0
4/5/2015,,,0,0
4/6/2015,0.110795455,0.110795455,4,5
4/7/2015,0,0,8,18
4/8/2015,0.116,0.166,5,2
4/9/2015,-0.097222222,-0.263888889,6,4
4/10/2015,0.033766234,0.033766234,7,2
4/11/2015,-0.071428571,-0.071428571,1,0
4/12/2015,-0.5,-0.5,1,0
4/13/2015,0.09482684,0.09482684,7,4
4/14/2015,0.03219697,0.03219697,4,11
4/15/2015,0.051674641,0.10430622,19,41
4/16/2015,0.083333333,0.083333333,7,5
4/17/2015,0.025,0.025,4,1
4/18/2015,,,0,0
4/19/2015,0.0625,0.0625,1,0
4/20/2015,0.1,0.175,8,9
4/21/2015,-0.04375,-0.08125,4,4
4/22/2015,0,0,2,3
4/23/2015,0.022727273,0.022727273,6,2
4/24/2015,0,0,1,3
4/25/2015,,,0,0
4/26/2015,0.089285714,0.267857143,3,2
4/27/2015,0.088333333,0.088333333,6,4
4/28/2015,0.016666667,0.033333333,5,7
4/29/2015,0.111111111,0.152777778,6,7
4/30/2015,0.016666667,0.016666667,5,4
5/1/2015,0.159090909,0.159090909,4,6
5/2/2015,,,0,0
5/3/2015,0,0,1,0
5/4/2015,0.057636364,0.084909091,5,2
5/5/2015,0.125,0.125,5,1
5/6/2015,0.0625,0.0625,4,6
5/7/2015,0.005185185,0.090185185,6,3
5/8/2015,0.093272727,0.120545455,5,1
5/9/2015,0.068181818,0.136363636,2,1
5/10/2015,0,0,1,0
5/11/2015,-0.027380952,-0.027380952,7,0
5/12/2015,0.086,0.086,5,15
5/13/2015,0.068181818,0.068181818,2,0
5/14/2015,0.125,0.125,4,9
5/15/2015,0,0,3,0
5/16/2015,0.136363636,0.136363636,1,0
5/17/2015,,,0,0
5/18/2015,-0.003604497,-0.003604497,6,6
5/19/2015,0.070740741,0.070740741,6,9
5/20/2015,0,0,2,0
5/21/2015,0,0,6,6
5/22/2015,0.083333333,0.083333333,3,0
5/23/2015,0.2375,0.2375,1,0
5/24/2015,,,0,0
5/25/2015,0.09375,0.6875,8,15
5/26/2015,0,0,5,16
5/27/2015,0.166666667,0.333333333,6,2
5/28/2015,0,0,7,7
5/29/2015,0.045454545,0.090909091,11,2
5/30/2015,0,0,1,0
5/31/2015,,,0,0
6/1/2015,0.1,0.1,6,6
6/2/2015,0.014444444,0.014444444,5,0
6/3/2015,0,0,1,0
6/4/2015,0.018181818,0.036363636,11,4
6/5/2015,0.058888889,0.058888889,9,2
6/6/2015,,,0,0
6/7/2015,0.188920455,0.188920455,4,1
6/8/2015,-0.041666667,-0.041666667,12,5
6/9/2015,0,0,4,1
6/10/2015,0.054545455,0.054545455,5,0
6/11/2015,-0.192857143,-0.228571429,14,2
6/12/2015,0.182,0.182,5,0
6/13/2015,,,0,0
6/14/2015,0.1,0.1,2,0
6/15/2015,0.166,0.166,5,0
6/16/2015,0.04,0.2,4,4
6/17/2015,0.125,0.125,4,0
6/18/2015,0,0,6,8
6/19/2015,0.04125,0.04125,8,1
6/20/2015,0,0,1,0
6/21/2015,0,0,1,0
6/22/2015,0,0,2,0
6/23/2015,0.047142857,0.047142857,7,6
6/24/2015,0.25,0.25,3,0
6/25/2015,-0.061507937,-0.061507937,7,7
6/26/2015,0.031313131,0.017171717,11,5
6/27/2015,,,0,0
6/28/2015,0,0,2,0
6/29/2015,0.005873016,0.005873016,10,2
6/30/2015,0.083333333,0.166666667,9,10
7/1/2015,0.015740741,0.015740741,6,0
7/2/2015,-0.038888889,-0.038888889,4,0
7/3/2015,-0.04402091,-0.049515415,13,1
7/4/2015,-0.035714286,-0.035714286,2,0
7/5/2015,-0.035714286,-0.035714286,2,0
7/6/2015,-0.071428571,-0.107142857,5,1
7/7/2015,0.018657407,0.018657407,6,0
7/8/2015,0.038492063,0.220634921,7,8
7/9/2015,0.125,0.125,8,0
7/10/2015,0.083333333,0.083333333,3,0
7/11/2015,,,0,0
7/12/2015,,,0,0
7/13/2015,0.096969697,0.125541126,7,1
7/14/2015,-0.019444444,-0.019444444,4,0
7/15/2015,-0.021843434,-0.021843434,4,1
7/16/2015,0.035714286,0.035714286,7,5
7/17/2015,0.151666667,0.151666667,6,0
7/18/2015,,,0,0
7/19/2015,0,0,2,0
7/20/2015,0.146909091,0.170545455,5,1
7/21/2015,0.087532468,0.087532468,14,3
7/22/2015,0.005555556,0.005555556,3,1
7/23/2015,0.036666667,0.021666667,10,4
7/24/2015,0.038468013,0.038468013,6,1
7/25/2015,0,0,1,0
7/26/2015,0,0,1,0
7/27/2015,0.013886484,0.013886484,14,6
7/28/2015,0.074182299,0.115848966,6,1
7/29/2015,0.15,0.15,5,3
7/30/2015,-0.089699074,-0.089699074,6,0
7/31/2015,-0.051851852,-0.051851852,3,2
8/1/2015,0,0,6,1
8/2/2015,,,0,0
8/3/2015,0.063055556,0.063055556,8,2
8/4/2015,0.05,0.05,5,0
8/5/2015,0.102356902,0.074579125,6,1
8/6/2015,0.041919192,0.154040404,11,4
8/7/2015,-0.1875,-0.1875,4,1
8/8/2015,,,0,0
8/9/2015,0,0,1,2
8/10/2015,-0.025,-0.1125,4,3
8/11/2015,0.037234459,0.099644049,162,221
8/12/2015,0.056888415,0.236670622,215,286
8/13/2015,0.021959543,0.040075074,120,79
8/14/2015,0.070204377,0.139619192,75,62
8/15/2015,0.113752914,0.298368298,13,7
8/16/2015,0,0,8,0
8/17/2015,0.006147876,0.008435458,34,27
8/18/2015,0.050825496,0.085308255,29,23
8/19/2015,0.091750842,0.091750842,18,9
8/20/2015,0.048315106,0.06410458,19,5
8/21/2015,0.018220668,0.041297591,26,16
8/22/2015,0,0,2,1
8/23/2015,0.164285714,0.278571429,2,1
8/24/2015,0.006554046,0.002188552,29,6
8/25/2015,0.038462208,0.038462208,29,12
8/26/2015,0.052070707,0.203700044,23,28
8/27/2015,0.048958333,0.111458333,8,8
8/28/2015,0.1,0.4,8,5
8/29/2015,0,0,5,2
8/30/2015,0.5,0.5,1,0
8/31/2015,0.198875,1.51275,10,17
9/1/2015,0.010714286,0.010714286,14,14
9/2/2015,0.051190476,0.069047619,14,8
9/3/2015,0.069351852,0.086018519,9,22
9/4/2015,0.254545455,0.254545455,11,7
9/5/2015,0.268181818,0.214335664,13,7
9/6/2015,0,0,6,4
9/7/2015,0.112878788,0.202878788,10,5
9/8/2015,0.040927128,0.046482684,15,23
9/9/2015,0.107373737,0.107373737,9,0
9/10/2015,0.024027113,0.079290271,19,7
9/11/2015,0.124444444,0.124444444,6,0
9/12/2015,-0.041666667,-0.041666667,2,0
9/13/2015,0.2,0.2,2,0
9/14/2015,0.0140625,0.0421875,16,13
9/15/2015,0.015178571,0.015178571,7,8
9/16/2015,-0.2,-0.6,5,6
9/17/2015,0.008333333,0.016666667,6,6
9/18/2015,0.125,0.125,4,0
9/19/2015,-0.005092593,-0.015277778,3,3
9/20/2015,0.33,0.33,1,0
9/21/2015,0.018888889,0.018888889,5,0
9/22/2015,0.079375,0.079375,8,3
9/23/2015,0.09464795,0.09464795,17,5
9/24/2015,0.191818182,0.255738636,8,2
9/25/2015,-0.337662338,-0.837662338,7,8
9/26/2015,0,0,2,0
9/27/2015,-0.6,-0.6,1,0
9/28/2015,0.06787037,0.109074074,3,3
9/29/2015,0.0475,0.0375,5,5
9/30/2015,0.1325,0.1325,4,0
10/1/2015,0.063518519,0.067222222,6,9
10/2/2015,0.004464286,0.004464286,8,2
10/3/2015,0,0,1,0
10/4/2015,-0.05,-0.05,2,0
10/5/2015,-0.08,-0.08,5,2
10/6/2015,-0.016666667,-0.016666667,6,1
10/7/2015,0.066431624,0.066431624,13,1
10/8/2015,0.039772727,0.039772727,16,23
10/9/2015,0.144444444,0.227777778,9,4
10/10/2015,0,0,2,0
10/11/2015,,,0,0
10/12/2015,0.079230769,0.094615385,13,3
10/13/2015,0.013392857,0.013392857,14,1
10/14/2015,0.044805195,0.044805195,11,1
10/15/2015,0.027777778,0.055555556,9,10
10/16/2015,0.06,0.06,11,4
10/17/2015,0.052083333,0.052083333,3,0
10/18/2015,0,0,1,1
10/19/2015,0.079,0.079,15,1
10/20/2015,0.029166667,0.029166667,4,0
10/21/2015,-0.051565657,-0.051565657,11,1
10/22/2015,-0.033333333,-0.033333333,8,0
10/23/2015,0,0,7,6
10/24/2015,0.127840909,0.127840909,2,0
10/25/2015,0.054166667,-0.020833333,4,4
10/26/2015,0.0125,0.0125,12,2
10/27/2015,0.033333333,0.033333333,8,4
10/28/2015,-0.063253968,-0.063253968,5,0
10/29/2015,0.038333333,0.038333333,10,2
10/30/2015,0.101153846,0.101153846,13,1
10/31/2015,0.072222222,0.072222222,3,0
11/1/2015,0.7,2.8,1,3
11/2/2015,0.025833333,0.025833333,10,3
11/3/2015,0.072916667,0.860416667,4,8
11/4/2015,0,0,5,1
11/5/2015,-0.011904762,-0.011904762,3,1
11/6/2015,0.138333333,0.638333333,6,8
11/7/2015,0,0,1,0
11/8/2015,,,0,0
11/9/2015,0.114444444,0.247777778,9,9
11/10/2015,0.014285714,-3.97E-18,7,2
11/11/2015,0.04,0.04,9,0
11/12/2015,0.132,0.132,5,7
11/13/2015,0.071,0.124,10,4
11/14/2015,0,0,2,0
11/15/2015,0,0,1,0
11/16/2015,0.096625,0.136625,10,2
11/17/2015,-0.038888889,-0.038888889,4,3
11/18/2015,0.093571429,0.09952381,7,2
11/19/2015,0,0,3,7
11/20/2015,0,0,5,7
11/21/2015,0,0,2,0
11/22/2015,0,0,1,1
11/23/2015,0.03,0.03,10,1
11/24/2015,0.10537037,0.450740741,10,29
11/25/2015,0.25,0.25,2,0
11/26/2015,0.116666667,0.116666667,6,1
11/27/2015,-8.12E-05,0.352516234,14,21
11/28/2015,0.064393939,0.081060606,6,1
11/29/2015,0.045454545,0.095454545,6,4
11/30/2015,0.082299958,0.083644044,31,12
12/1/2015,0.015227273,-0.001045455,25,10
12/2/2015,0.056818182,0.056818182,8,3
12/3/2015,0.063580247,0.063580247,6,2
12/4/2015,0,0,6,8
12/5/2015,0,0,1,0
12/6/2015,0.068181818,0.272727273,2,3
12/7/2015,0.099074074,0.15462963,18,26
12/8/2015,0.0335,0.0335,10,14
12/9/2015,0.059996742,0.244825676,31,29
12/10/2015,0.039128788,0.089128788,16,17
12/11/2015,0.113972222,0.234527778,30,30
12/12/2015,0.005668934,0.03792517,14,7
12/13/2015,0.002828283,0.114747475,5,9
12/14/2015,0.026615014,0.109617769,22,31
12/15/2015,0.027777778,0.027777778,9,14
12/16/2015,-0.084444444,-0.286666667,9,22
12/17/2015,0.042096365,0.080557904,13,3
12/18/2015,0.022575758,0.022575758,11,1
12/19/2015,0,0,3,0
12/20/2015,,,0,0
12/21/2015,0.071666667,0.088333333,10,1
12/22/2015,0.047142857,0.047142857,7,3
12/23/2015,0,0,3,0
12/24/2015,-0.020138889,-0.020138889,7,1
12/25/2015,,,0,0
12/26/2015,0.027272727,0.027272727,5,0
12/27/2015,0,0,1,0
12/28/2015,0.039772727,0.116477273,8,19
12/29/2015,0.045454545,0.045454545,3,0
12/30/2015,0.029323232,-0.008707071,15,23
12/31/2015,0.032515152,0.032515152,15,41
1/1/2016,0.039191919,0.054343434,9,3
1/2/2016,0.046590909,0.084090909,8,6
1/3/2016,-0.005227273,0.029318182,5,3
1/4/2016,0.031587302,0.757777778,24,71
1/5/2016,0.093376122,0.120382295,24,24
1/6/2016,0.079890572,0.309751684,36,68
1/7/2016,0.038759451,0.12109025,89,80
1/8/2016,0.040152718,0.078936989,45,35
1/9/2016,0.022457912,0.05023569,15,8
1/10/2016,-0.002314815,-0.01712963,12,15
1/11/2016,0.047257448,0.087072262,46,39
1/12/2016,-0.02834127,-0.209353175,35,35
1/13/2016,0.010283873,0.021686695,58,21
1/14/2016,0.014092395,0.029974747,34,14
1/15/2016,0.016722222,0.071388889,25,8
1/16/2016,0.022727273,0.045454545,6,6
1/17/2016,0,0,3,2
1/18/2016,0.019886364,0.00625,22,10
1/19/2016,-0.004166667,0.001449275,23,14
1/20/2016,0.018567251,0.126461988,19,10
1/21/2016,0.02037037,0.022839506,27,8
1/22/2016,-0.066910867,-0.083394383,13,4
1/23/2016,0,0,3,1
1/24/2016,0.16375,0.16375,4,1
1/25/2016,0.057807239,0.157659933,18,10
1/26/2016,0.04992236,0.103726708,23,8
1/27/2016,0.010407648,0.011994949,21,18
1/28/2016,0.05,0.069230769,13,4
1/29/2016,0.019661458,0.037239583,16,19
1/30/2016,0.142857143,0.214285714,7,4
1/31/2016,,,0,0
2/1/2016,-0.018,0.032,25,33
2/2/2016,0.005571016,-0.003159142,21,5
2/3/2016,0.029571429,0.045642857,10,9
2/4/2016,0.051422559,0.118585859,18,49
2/5/2016,0.053596491,0.066754386,19,7
2/6/2016,0.05,0.05,5,0
2/7/2016,0.062946429,0.062946429,8,16
2/8/2016,-0.027769886,-0.037144886,16,10
2/9/2016,0.029166667,-0.025,6,6
2/10/2016,0,0,5,7
2/11/2016,0.033333333,0.033333333,6,0
2/12/2016,0,0,2,0
2/13/2016,0,0,2,0
2/14/2016,-0.016666667,-0.1,3,5
2/15/2016,0.052291667,0.205069444,24,34
2/16/2016,0.027546679,0.029819406,22,8
2/17/2016,0.008107864,0.024098124,22,12
2/18/2016,-0.008333333,-0.008333333,12,11
2/19/2016,0.018148148,0.018148148,15,1
2/20/2016,0,0,3,1
2/21/2016,-0.040740741,-0.190740741,3,2
2/22/2016,0.003219697,0.008775253,18,10
2/23/2016,0.041666667,0.041666667,12,16
2/24/2016,0.068939394,0.287752525,18,39
2/25/2016,0.005333333,0.005333333,15,9
2/26/2016,0.071428571,0.151785714,14,7
2/27/2016,0,0,4,0
2/28/2016,-0.5,-1,2,2
2/29/2016,0.022807018,0.092982456,19,26
3/1/2016,0.021157407,0.033888889,20,13
3/2/2016,0.016818182,0.016818182,11,11
3/3/2016,0.049269006,0.046637427,19,12
3/4/2016,0.076666667,0.093333333,6,5
3/5/2016,0.033333333,0.033333333,3,1
3/6/2016,0.125,0.625,2,4
3/7/2016,-0.058333333,-0.058333333,13,11
3/8/2016,-0.02,-0.02,12,16
3/9/2016,-0.02515873,0.006825397,7,5
3/10/2016,-0.042857143,-0.042857143,7,3
3/11/2016,0.074691358,0.25617284,9,16
3/12/2016,0.025,0.025,4,0
3/13/2016,0,0,1,0
3/14/2016,0.003990642,0.003990642,17,3
3/15/2016,-0.05,-0.077272727,11,6
3/16/2016,0.015625,0.015625,16,16
3/17/2016,0.116071429,0.226190476,12,13
3/18/2016,0.094299051,0.30801959,11,17
3/19/2016,0,0,2,0
3/20/2016,,,0,0
3/21/2016,-0.015196078,-0.015196078,17,8
3/22/2016,0.05,0.05,14,12
3/23/2016,0.003235294,0.003235294,17,7
3/24/2016,-0.006140351,0.033333333,19,22
3/25/2016,0.158928571,0.201785714,14,3
3/26/2016,0.12,4.8,5,39
3/27/2016,,,0,0
3/28/2016,0,0,6,1
3/29/2016,0.025,0.025,10,3
3/30/2016,-0.027777778,-0.027777778,9,0
3/31/2016,0.044444444,0.044444444,9,354
4/1/2016,0.034449405,0.011532738,16,4
4/2/2016,0,0,3,0
4/3/2016,,,0,0
4/4/2016,0.055555556,0.055555556,3,1
4/5/2016,0.055,0.508888889,15,22
4/6/2016,0.042307692,0.069230769,13,6
4/7/2016,0.008333333,0.020512821,13,9
4/8/2016,-0.018939394,-0.007575758,11,5
4/9/2016,0,0,3,0
4/10/2016,,,0,0
4/11/2016,0.025,0.05,4,2
4/12/2016,0.035294118,0.064705882,17,6
4/13/2016,-0.020833333,-0.025,12,5
4/14/2016,0.032894737,0.092105263,19,53
4/15/2016,-0.008633207,-0.008633207,16,6
4/16/2016,0,0,2,0
4/17/2016,0,0,1,0
4/18/2016,0.005769231,0.005769231,13,2
4/19/2016,0.029777778,0.040444444,15,6
4/20/2016,-0.121296296,-0.389814815,9,6
4/21/2016,0.027211934,0.038323045,18,8
4/22/2016,0.025252525,-3.083838384,11,93
4/23/2016,0.027777778,0.027777778,3,0
4/24/2016,-0.03359375,-0.03359375,4,0
4/25/2016,0.063125,0.119375,8,3
4/26/2016,-0.002083333,-0.002083333,12,4
4/27/2016,0.005769231,0.005769231,13,3
4/28/2016,0,0,4,0
4/29/2016,0.068181818,0.068181818,11,21
4/30/2016,0,0,1,1
5/1/2016,0,0,1,0
5/2/2016,0,0,1,0
5/3/2016,0.11875,0.11875,8,322
5/4/2016,0.134615385,0.567307692,13,14
5/5/2016,0,0,4,0
5/6/2016,0.007908163,0.016836735,7,3
5/7/2016,0,0,1,0
5/8/2016,0,0,1,0
5/9/2016,0.066071429,0.530357143,7,11
5/10/2016,0.015151515,0.015151515,11,6
5/11/2016,0.066666667,0.266666667,8,7
5/12/2016,-0.014141414,-0.014141414,11,3
5/13/2016,0.084217172,0.400883838,12,45
5/14/2016,0,0,1,1
5/15/2016,0,0,1,2
5/16/2016,0,0,13,3
5/17/2016,0.008333333,0.025,4,5
5/18/2016,-0.02962963,-0.361111111,9,27
5/19/2016,0.035,0.035,10,5
5/20/2016,0.026068376,0.052564103,13,14
5/21/2016,0,0,1,0
5/22/2016,0,0,1,0
5/23/2016,0,0,8,20
5/24/2016,-0.006481481,-0.060185185,9,7
5/25/2016,0.074300412,0.27218107,27,46
5/26/2016,-0.00297619,0.004166667,14,5
5/27/2016,0.193981481,1.018981481,12,28
5/28/2016,0,0,2,0
5/29/2016,0.1640625,1.8359375,4,28
5/30/2016,-0.116283422,-0.262379679,17,23
5/31/2016,0.018717949,0.017692308,13,36
6/1/2016,0.097948718,0.80974359,13,65
6/2/2016,0.099166667,0.173333333,10,16
6/3/2016,0.027941176,0.527941176,17,20
6/4/2016,0,0,1,0
6/5/2016,,,0,0
6/6/2016,0.096875,0.096875,12,2
6/7/2016,-0.046875,-0.046875,4,2
6/8/2016,-0.017361111,-0.017361111,6,1
6/9/2016,0.00487013,0.00487013,14,1
6/10/2016,0.2,0.4,1,1
6/11/2016,0,0,1,0
6/12/2016,-0.2625,-0.2625,1,0
6/13/2016,0.1,1.483333333,12,28
6/14/2016,0.018849206,0.028373016,21,10
6/15/2016,0.014075538,0.19040404,23,23
6/16/2016,0.11171875,0.31171875,8,2
6/17/2016,0.025,0.025,5,1
6/18/2016,0,0,2,1
6/19/2016,0.125,3.875,1,30
6/20/2016,-0.016666667,-0.033333333,3,2
6/21/2016,0.081188811,0.812657343,13,33
6/22/2016,-0.017857143,-0.017857143,5,1
6/23/2016,0.098065476,0.106994048,14,1
6/24/2016,0.133137255,0.700427807,17,72
6/25/2016,0.037045455,0.037045455,2,1
6/26/2016,0.011111111,0.011111111,3,0
6/27/2016,0.061972611,0.328799534,26,46
6/28/2016,-0.000685426,-0.019408369,14,26
6/29/2016,-0.008176768,-0.003853535,10,1
6/30/2016,-0.015104167,-0.056770833,24,10
7/1/2016,0.121388889,1.130277778,12,55
7/2/2016,0,0,2,1
7/3/2016,0,0,1,0
7/4/2016,-0.028778409,-0.078920455,8,8
7/5/2016,0.068198653,0.068198653,36,16
7/6/2016,0.033333333,0.189583333,16,48
7/7/2016,0.064878788,0.050989899,15,5
7/8/2016,0.125,0.732142857,7,21
7/9/2016,-0.083333333,-1.416666667,2,16
7/10/2016,,,0,0
7/11/2016,0.000710227,0.000710227,8,3
7/12/2016,-0.037710438,-0.037710438,11,40
7/13/2016,0,0,7,0
7/14/2016,-0.25,-0.25,4,0
7/15/2016,-0.028819444,-0.046875,12,2
7/16/2016,0,0,1,0
7/17/2016,0,0,3,0
7/18/2016,0.065688941,0.557891738,13,35
7/19/2016,-0.092592593,-8.981481481,9,119
7/20/2016,0,0,12,4
7/21/2016,-0.041666667,-0.041666667,12,1
7/22/2016,0.028521825,0.026537698,28,10
7/23/2016,0,0,1,1
7/24/2016,,,0,0
7/25/2016,0.059722222,0.059722222,10,1
7/26/2016,-0.014209055,-0.019417388,8,2
7/27/2016,0.03125,0.03125,8,0
7/28/2016,0,0,6,1
7/29/2016,0.025,0.025,4,0
7/30/2016,0,0,2,0
7/31/2016,,,0,0
8/1/2016,0.0625,0.0625,8,1
8/2/2016,0.007575758,0.007575758,9,2
8/3/2016,0.031818182,0.063636364,11,3
8/4/2016,0.032738095,0.032738095,8,18
8/5/2016,-0.025925926,-0.025925926,6,0
8/6/2016,0,0,1,0
8/7/2016,0.085227273,0.085227273,3,0
8/8/2016,0.03172619,0.03172619,7,2
8/9/2016,0.008522727,0.008522727,16,2
8/10/2016,0.017777778,0.017777778,5,1
8/11/2016,0.205555556,1.122222222,9,37
8/12/2016,-0.01917517,-0.01917517,14,1
8/13/2016,0.033333333,0.033333333,2,0
8/14/2016,,,0,0
8/15/2016,-0.013888889,-0.013888889,6,1
8/16/2016,0.033333333,0.023333333,10,2
8/17/2016,0,0,5,1
8/18/2016,0.125,0.375,4,4
8/19/2016,0,0,3,0
8/20/2016,0,0,1,0
8/21/2016,0.011279461,0.011279461,9,0
8/22/2016,0.021904762,0.021904762,7,38
8/23/2016,-0.001428571,-0.001428571,14,1
8/24/2016,-0.05952381,-0.095238095,7,2
8/25/2016,-0.033333333,-0.033333333,3,0
8/26/2016,0.060714286,0.060714286,14,1
8/27/2016,0,0,1,0
8/28/2016,-0.010416667,-0.010416667,9,2
8/29/2016,0.017045455,0.034090909,4,1
8/30/2016,0,0,4,8
8/31/2016,0.020238095,0.020238095,14,2
9/1/2016,0.086783217,0.086783217,13,1
9/2/2016,0.015625,0.046875,8,2
9/3/2016,0,0,2,0
9/4/2016,0.28,0.36,2,1
9/5/2016,0,0,5,0
9/6/2016,0.0225,0.0225,5,4
9/7/2016,0.005555556,0.016666667,9,2
9/8/2016,0.001388889,0.043055556,12,11
9/9/2016,0.041071429,0.041071429,14,5
9/10/2016,0,0,2,1
9/11/2016,,,0,0
9/12/2016,0.064285714,0.064285714,7,6
9/13/2016,0.033636364,0.088181818,11,3
9/14/2016,0.019023569,0.041750842,6,8
9/15/2016,0.088888889,0.177777778,3,2
9/16/2016,0.166666667,0.333333333,3,1
9/17/2016,-0.0625,-0.0625,4,0
9/18/2016,,,0,0
9/19/2016,0.099393939,0.602424242,11,24
9/20/2016,0.075,0.075,8,2
9/21/2016,0.033333333,0.033333333,6,0
9/22/2016,0.011111111,0.011111111,9,13
9/23/2016,0,0,4,1
9/24/2016,0,0,1,0
9/25/2016,,,0,0
9/26/2016,0,0,7,1
9/27/2016,0.137310606,0.251893939,6,2
9/28/2016,0.027777778,0.055555556,9,3
9/29/2016,0,0,7,1
9/30/2016,-0.012820513,-0.012820513,13,0
10/1/2016,0,0,1,2
10/2/2016,0.016666667,0.016666667,1,0
10/3/2016,0.2,0.2,3,2
10/4/2016,0,0,2,0
10/5/2016,0,0,1,0
10/6/2016,0,0,2,1
10/7/2016,0.090277778,0.2375,6,4
10/8/2016,0,0,4,3
10/9/2016,-0.025,-0.0375,2,1
10/10/2016,0.01425,0.137875,20,36
10/11/2016,0.069989879,0.452397286,27,33
10/12/2016,0.021536797,0.076406926,14,22
10/13/2016,-0.060232323,0.22779798,30,126
10/14/2016,0.082166667,0.195666667,20,33
10/15/2016,0,0,3,4
10/16/2016,0.068181818,0.136363636,2,1
10/17/2016,0.002280702,-1.72877193,19,93
10/18/2016,-0.021818182,-0.067587413,13,9
10/19/2016,-0.0375,-0.0375,8,9
10/20/2016,0,0,6,24
10/21/2016,0.01937799,0.050956938,19,15
10/22/2016,0.0175,-0.045,4,2
10/23/2016,-0.075,-0.075,4,23
10/24/2016,-0.030136054,-0.07537415,21,13
10/25/2016,0.008319531,0.231507937,23,31
10/26/2016,0.051437166,0.177473262,17,62
10/27/2016,-0.003271605,-0.031975309,27,17
10/28/2016,0,0,6,0
10/29/2016,-0.075,-2.55,4,40
10/30/2016,,,0,0
10/31/2016,0.022222222,0.133333333,9,6
11/1/2016,0.146168831,0.146168831,7,0
11/2/2016,0.084780303,0.103530303,10,3
11/3/2016,0.038802448,0.367823427,13,26
11/4/2016,0.011574074,0.023148148,6,2
11/5/2016,0,0,3,0
11/6/2016,,,0,0
11/7/2016,0,0,9,11
11/8/2016,0.026535088,0.168640351,19,18
11/9/2016,0.16754902,0.715,17,26
11/10/2016,-0.006448413,0.189278083,13,39
11/11/2016,0.008910658,0.07161442,29,37
11/12/2016,0,0,1,0
11/13/2016,,,0,0
11/14/2016,-0.019957386,-0.019957386,16,2
11/15/2016,0.013965201,0.041643773,28,52
11/16/2016,0.014916293,0.144909746,27,68
11/17/2016,0.081950758,0.121950758,40,32
11/18/2016,0.059193603,0.434092593,30,151
11/19/2016,-0.005555556,-0.1,9,5
11/20/2016,-0.067083333,-0.094166667,5,8
11/21/2016,0.002777778,0.328333333,15,31
11/22/2016,0.036111111,0.202777778,9,15
11/23/2016,0.039310606,0.304583333,20,51
11/24/2016,-0.009259259,-0.009259259,24,23
11/25/2016,-0.000992063,-0.000992063,9,1
11/26/2016,0,0,2,3
11/27/2016,0,0,1,0
11/28/2016,0.02025463,0.02025463,24,10
11/29/2016,0.016435185,0.009953704,24,14
11/30/2016,0.026086957,0.026086957,23,15
12/1/2016,-0.036363636,-0.036363636,11,7
12/2/2016,0.027519841,-0.002996032,12,9
12/3/2016,-0.0625,-0.8125,2,12
12/4/2016,0.108333333,0.108333333,2,0
12/5/2016,0.011636905,0.481636905,20,47
12/6/2016,0.065526369,0.14577194,23,18
12/7/2016,-0.081203704,-0.123796296,20,9
12/8/2016,-0.0025,-0.0025,10,3
12/9/2016,-0.00625,-0.00625,8,8
12/10/2016,0,0,2,0
12/11/2016,0.1,0.1,1,0
12/12/2016,0.016203704,0.026064815,16,11
12/13/2016,0.047107438,0.069834711,11,7
12/14/2016,0.027777778,0.063194444,12,7
12/15/2016,0.045492424,0.589318182,22,52
12/16/2016,0.016503831,0.30341954,29,93
12/17/2016,-0.1,-0.1,2,0
12/18/2016,0.033333333,0.266666667,5,16
12/19/2016,0.034126984,0.195238095,14,19
12/20/2016,0.058944444,0.106833333,10,7
12/21/2016,0.066666667,0.083333333,12,8
12/22/2016,-0.017222222,-0.017222222,25,13
12/23/2016,0.064015152,0.086931818,12,2
12/24/2016,-0.048611111,-0.048611111,6,0
12/25/2016,,,0,0
12/26/2016,0.1675,0.21,4,3
12/27/2016,0.055681818,0.055681818,11,2
12/28/2016,0.033379247,0.070603765,99,82
12/29/2016,0.018326446,0.15203168,55,44
12/30/2016,0.035912698,0.034484127,35,18
12/31/2016,0.130357143,0.217857143,7,6
1/1/2017,0,0,5,7
1/2/2017,0.009248252,-0.01479021,13,12
1/3/2017,0.056287157,0.072109668,35,25
1/4/2017,0.067510676,0.641024336,37,122
1/5/2017,0.042671174,0.064581286,89,111
1/6/2017,0.066860119,0.179277447,84,205
1/7/2017,-0.038888889,-0.594444444,6,11
1/8/2017,-0.036197917,-0.034895833,8,5
1/9/2017,0.00370753,-0.006519743,33,27
1/10/2017,0.104382716,0.192037037,27,37
1/11/2017,0.072361111,0.089027778,20,7
1/12/2017,0.023684211,0.002631579,19,7
1/13/2017,0.069421296,0.061643519,20,9
1/14/2017,0,0,1,0
1/15/2017,0.4,1,2,3
1/16/2017,0.035,0.071666667,15,14
1/17/2017,-0.015876906,-0.02543573,17,14
1/18/2017,0.056578947,0.153508772,19,22
1/19/2017,0.004044118,0.002205882,17,12
1/20/2017,0.015832235,0.026240668,23,22
1/21/2017,-0.116666667,-0.116666667,3,0
1/22/2017,,,0,0
1/23/2017,0.023076923,0.030769231,13,3
1/24/2017,0.033333333,0.066666667,13,15
1/25/2017,0,0,11,4
1/26/2017,0.025,0.05,10,2
1/27/2017,-0.066666667,-0.133333333,3,3
1/28/2017,0,0,2,0
1/29/2017,,,0,0
1/30/2017,0,0,4,3
1/31/2017,0,0,1,0
2/1/2017,-0.03,-0.06,5,3
2/2/2017,0.0025,0.0425,4,7
2/3/2017,0.02,0.02,10,4
2/4/2017,0.066666667,0.066666667,3,0
2/5/2017,0.166666667,0.333333333,1,1
2/6/2017,0.050289855,0.092028986,23,9
2/7/2017,0.018149351,0.044347944,28,30
2/8/2017,-0.006302083,-0.050572917,16,5
2/9/2017,0.03052381,0.062428571,25,17
2/10/2017,-0.031111111,-0.031111111,15,8
2/11/2017,-0.115,-0.115,5,1
2/12/2017,,,0,0
2/13/2017,-0.000606061,-0.000606061,11,0
2/14/2017,-0.059,-0.149545455,25,18
2/15/2017,0.002380952,0.002380952,21,13
2/16/2017,0.011111111,0.111111111,15,22
2/17/2017,0.004166667,0.004166667,9,5
2/18/2017,0,0,1,0
2/19/2017,0.090909091,0.454545455,3,10
2/20/2017,0.033333333,0.166666667,12,26
2/21/2017,0.019666667,0.035666667,20,9
2/22/2017,-0.003125,-0.109375,16,10
2/23/2017,0.052631579,0.052631579,19,6
2/24/2017,0.05,0.05,20,7
2/25/2017,0.0875,0.0875,2,0
2/26/2017,0,0,4,0
2/27/2017,0.018706294,0.032167832,13,6
2/28/2017,0.021875,0.040625,8,12
3/1/2017,-0.004285714,0.167142857,14,32
3/2/2017,0.0284375,0.0509375,16,23
3/3/2017,-0.006111111,-0.006111111,12,14
3/4/2017,0.045833333,0.091666667,3,5
3/5/2017,0,0,4,2
3/6/2017,0,0,8,9
3/7/2017,0.032954545,0.044318182,11,11
3/8/2017,0.086875,0.19625,8,18
3/9/2017,0.001419753,0.001419753,9,5
3/10/2017,-0.031111111,-0.031111111,5,2
3/11/2017,0,0,1,1
3/12/2017,,,0,0
3/13/2017,-0.000367309,-0.006427916,11,8
3/14/2017,0.015,0.015,10,6
3/15/2017,-0.02337963,-0.070138889,6,6
3/16/2017,0,0,4,2
3/17/2017,0,0,4,1
3/18/2017,0,0,1,0
3/19/2017,,,0,0
3/20/2017,0.026785714,0.026785714,8,10
3/21/2017,0.038461538,0.038461538,13,6
3/22/2017,0,0,7,7
3/23/2017,0.052631579,0.052631579,19,9
3/24/2017,0,0,4,0
3/25/2017,0,0,1,1
3/26/2017,,,0,0
3/27/2017,0.03125,0.03125,16,8
3/28/2017,0.033333333,0.033333333,15,8
3/29/2017,0,0,8,8
3/30/2017,0,0,7,9
3/31/2017,0.038461538,0.038461538,13,4
4/1/2017,,,0,0
4/2/2017,0.166666667,0.166666667,3,0
4/3/2017,0,0,1,2
4/4/2017,0.25,0.666666667,3,5
4/5/2017,0,0,7,6
4/6/2017,0.039215686,0.039215686,17,8
4/7/2017,0.18,0.18,5,7
4/8/2017,0,0,1,0
4/9/2017,0,0,2,2
4/10/2017,0.032,0.032,5,5
4/11/2017,0.001488095,-0.033482143,8,8
4/12/2017,-0.020075758,0.019318182,11,7
4/13/2017,0,0,11,47
4/14/2017,0.033333333,0.033333333,15,11
4/15/2017,0,0,4,4
4/16/2017,0,0,1,4
4/17/2017,-0.016527778,-0.037361111,12,3
4/18/2017,0.035714286,0.035714286,7,14
4/19/2017,0.12,0.76,5,15
4/20/2017,0.021875,0.0625,8,4
4/21/2017,0,0,2,0
4/22/2017,0,0,2,3
4/23/2017,0,0,1,4
4/24/2017,0.039583333,0.139583333,6,36
4/25/2017,0.025396825,0.568253968,7,32
4/26/2017,0.04375,0.0875,4,13
4/27/2017,0,0,4,3
4/28/2017,0,0,4,2
4/29/2017,0,0,1,0
4/30/2017,-0.2,-0.2,2,0
5/1/2017,0,0,1,0
5/2/2017,0,0,7,8
5/3/2017,-0.004761905,-0.028571429,14,9
5/4/2017,-0.05578125,-0.02453125,16,8
5/5/2017,0.003373016,-0.47202381,18,42
5/6/2017,0,0,2,2
5/7/2017,,,0,0
5/8/2017,-0.001833333,-0.026833333,15,10
5/9/2017,0,0,5,5
5/10/2017,0,0,5,4
5/11/2017,0.006428571,0.026428571,10,10
5/12/2017,0.0675,0.0925,20,12
5/13/2017,0,0,1,0
5/14/2017,,,0,0
5/15/2017,0.02984608,0.02984608,21,5
5/16/2017,-2.31E-18,-0.233333333,6,18
5/17/2017,-0.002645503,-0.002645503,7,3
5/18/2017,-0.071428571,-0.071428571,18,2
5/19/2017,0.142857143,0.142857143,7,9
5/20/2017,0,0,2,1
5/21/2017,,,0,0
5/22/2017,0,0,3,3
5/23/2017,0.044117647,0.044117647,17,7
5/24/2017,0.027020202,0.027020202,22,8
5/25/2017,-0.006818182,-0.002272727,22,12
5/26/2017,0.072159091,0.061931818,11,5
5/27/2017,0.133333333,0.133333333,3,6
5/28/2017,0,0,2,1
5/29/2017,-0.00625,-0.00625,4,0
5/30/2017,0,0,1,0
5/31/2017,0.067810458,0.070915033,17,7
6/1/2017,0.024924493,0.033614969,24,11
6/2/2017,-0.027777778,-0.083333333,9,5
6/3/2017,0,0,1,0
6/4/2017,0.2125,0.2125,1,0
6/5/2017,0.002136752,1.074358974,13,54
6/6/2017,0.030092593,0.043981481,18,12
6/7/2017,-0.2,-0.2,5,5
6/8/2017,0,0,8,10
6/9/2017,-0.047619048,-0.052380952,7,6
6/10/2017,0,0,10,2
6/11/2017,0.066666667,0.266666667,1,3
6/12/2017,0,0,7,19
6/13/2017,-0.005555556,-0.011111111,6,6
6/14/2017,-0.016666667,-0.1,4,7
6/15/2017,0.034444444,0.384444444,10,26
6/16/2017,-0.014583333,-0.029166667,8,7
6/17/2017,-0.25,-0.5,4,1
6/18/2017,,,0,0
6/19/2017,0.0625,0.125,8,7
6/20/2017,0.004166667,0.010416667,24,16
6/21/2017,0.010714286,0.010714286,14,8
6/22/2017,0.03125,0.034722222,18,4
6/23/2017,0.064021739,0.064021739,23,4
6/24/2017,0,0,1,0
6/25/2017,,,0,0
6/26/2017,0.053333333,0.053333333,6,1
6/27/2017,-0.03046875,-0.09140625,4,7
6/28/2017,-0.003838384,0.023434343,5,1
6/29/2017,0.063476107,0.092963287,13,5
6/30/2017,0.048214286,0.0625,7,1
7/1/2017,0,0,2,0
7/2/2017,,,0,0
7/3/2017,0.06,0.12,5,4
7/4/2017,0.005208333,0.005208333,12,34
7/5/2017,-0.033333333,-0.033333333,9,9
7/6/2017,-0.003472222,-0.003472222,9,8
7/7/2017,0,0,6,4
7/8/2017,0,0,1,0
7/9/2017,-0.225,-1.35,1,5
7/10/2017,0.022857143,0.022857143,7,7
7/11/2017,0.0203125,0.028125,8,4
7/12/2017,0.0234375,0.0234375,16,7
7/13/2017,0.09,0.09,10,7
7/14/2017,0.013636364,0.027272727,11,8
7/15/2017,0,0,1,0
7/16/2017,0,0,1,1
7/17/2017,-0.0125,-0.025,8,13
7/18/2017,0.019097222,0.019097222,12,3
7/19/2017,0.033333333,0.066666667,15,4
7/20/2017,0,0,4,3
7/21/2017,0.0609375,0.1171875,8,9
7/22/2017,0,0,5,1
7/23/2017,0,0,3,0
7/24/2017,0,0,6,4
7/25/2017,0,0,4,0
7/26/2017,0,0,6,0
7/27/2017,-0.001587302,-0.012698413,14,5
7/28/2017,0.04,0.16,5,4
7/29/2017,0,0,1,0
7/30/2017,,,0,0
7/31/2017,0.085,0.185,10,11
8/1/2017,0.052173913,0.07173913,23,11
8/2/2017,0.066666667,0.1,15,7
8/3/2017,0.015909091,0.031818182,11,9
8/4/2017,0.019607843,-0.009803922,17,9
8/5/2017,0,0,5,3
8/6/2017,0,0,3,0
8/7/2017,0.016666667,0.016666667,10,4
8/8/2017,-0.006323529,-0.017352941,17,20
8/9/2017,-0.006305704,-0.050178253,17,11
8/10/2017,0.009722222,0.001944444,20,14
8/11/2017,0.005092593,0.009854497,21,6
8/12/2017,0.2,0.2,3,0
8/13/2017,0,0,1,1
8/14/2017,-0.02,-0.02,10,8
8/15/2017,0.036471861,0.131601732,14,31
8/16/2017,0.048636364,0.125909091,10,11
8/17/2017,0.026315789,0.026315789,19,12
8/18/2017,0,0,8,5
8/19/2017,0.030952381,0.078571429,3,1
8/20/2017,,,0,0
8/21/2017,0,0,4,1
8/22/2017,0.011111111,0.011111111,6,1
8/23/2017,-0.05,-0.05,6,0
8/24/2017,0.0025,0.005,10,11
8/25/2017,0,0,7,0
8/26/2017,0,0,1,0
8/27/2017,0.136363636,0.136363636,1,0
8/28/2017,0.001190476,0.008630952,20,30
8/29/2017,-0.070588235,-0.105882353,17,17
8/30/2017,0.021219059,0.002827728,13,16
8/31/2017,0.071428571,0.071428571,14,20
9/1/2017,0.067101449,0.122753623,23,41
9/2/2017,-0.036979167,-0.057291667,4,2
9/3/2017,,,0,0
9/4/2017,-0.000222222,-0.054,25,42
9/5/2017,0.134140625,0.653046875,16,33
9/6/2017,0,0,16,28
9/7/2017,0.029006734,0.003080808,27,57
9/8/2017,0.037695925,0.086833856,29,27
9/9/2017,-0.02893424,0.008367347,7,17
9/10/2017,0.13844697,0.235227273,3,1
9/11/2017,0.002951389,0.002951389,16,20
9/12/2017,-0.019281046,-0.025816993,17,18
9/13/2017,0.016111111,0.235833333,10,25
9/14/2017,0.046428571,0.134047619,15,14
9/15/2017,0.015909091,0.059090909,11,12
9/16/2017,0,0,3,4
9/17/2017,,,0,0
9/18/2017,0.1078125,0.7953125,8,14
9/19/2017,0,0,10,4
9/20/2017,0,0,5,5
9/21/2017,0.074318182,0.059772727,14,19
9/22/2017,0,0,7,1
9/23/2017,0.098484848,0.492424242,3,4
9/24/2017,,,0,0
9/25/2017,0.045185185,0.411851852,15,28
9/26/2017,0.009897661,0.067865497,19,93
9/27/2017,0.017777778,0.017777778,9,5
9/28/2017,-0.000430108,-0.095053763,31,26
9/29/2017,0.015666667,0.054333333,25,29
9/30/2017,0,0,3,2
10/1/2017,,,0,0
10/2/2017,-0.01,-0.06,4,1
10/3/2017,0.08,0.08,2,1
10/4/2017,0.001851852,0.012268519,8,11
10/5/2017,0,0,1,1
10/6/2017,,,0,0
10/7/2017,0,0,2,1
10/8/2017,,,0,0
10/9/2017,0.05,0.071052632,19,7
10/10/2017,-0.02287037,-0.043611111,15,16
10/11/2017,0.004934211,0.004605263,19,14
10/12/2017,0.05,0.05,10,4
10/13/2017,-0.142857143,-0.142857143,7,4
10/14/2017,-0.0015625,0.0203125,4,3
10/15/2017,0.333333333,0.333333333,1,0
10/16/2017,0.037412587,0.037412587,13,4
10/17/2017,0.066666667,0.066666667,6,0
10/18/2017,0.039772727,0.039772727,11,0
10/19/2017,0,0,10,2
10/20/2017,0,0,11,7
10/21/2017,0,0,2,0
10/22/2017,0,0,1,1
10/23/2017,0.018181818,0.018181818,11,2
10/24/2017,0,0,7,0
10/25/2017,0.070333333,0.120333333,10,1
10/26/2017,0.038417832,0.115340909,13,4
10/27/2017,0.05,0.15,10,3
10/28/2017,0.045454545,0.090909091,3,2
10/29/2017,,,0,0
10/30/2017,0.008055556,-0.117222222,15,29
10/31/2017,-0.009027778,-0.018055556,12,11
11/1/2017,-0.028645833,-0.114583333,12,10
11/2/2017,0,0,13,17
11/3/2017,-0.019179894,-0.053042328,14,16
11/4/2017,0,0,2,2
11/5/2017,0.5,0.5,1,0
11/6/2017,-0.019230769,-0.051282051,13,8
11/7/2017,-0.094444444,-0.094444444,18,10
11/8/2017,0.020604396,0.064285714,13,18
11/9/2017,0,0,17,6
11/10/2017,-0.0225,-0.0625,10,14
11/11/2017,0,0,1,0
11/12/2017,,,0,0
11/13/2017,0.074276094,0.31983165,15,22
11/14/2017,0.069444444,0.069444444,12,9
11/15/2017,0.031481481,0.062962963,9,8
11/16/2017,-0.003125,0.021875,16,10
11/17/2017,-0.010714286,-0.105952381,14,8
11/18/2017,0,0,1,0
11/19/2017,,,0,0
11/20/2017,0,0,12,13
11/21/2017,0.025,0.041666667,18,19
11/22/2017,0.011730769,0.046923077,13,15
11/23/2017,0,0,16,13
11/24/2017,0.06,0.31,10,8
11/25/2017,,,0,0
11/26/2017,0,0,2,0
11/27/2017,-0.023076923,-0.046153846,13,10
11/28/2017,-0.006481481,-0.006481481,12,6
11/29/2017,0,0,11,5
11/30/2017,0,0,9,5
12/1/2017,0,0,12,6
12/2/2017,0,0,3,1
12/3/2017,,,0,0
12/4/2017,0,0,9,6
12/5/2017,0.008270202,0.010353535,18,8
12/6/2017,0.035,0.035,10,4
12/7/2017,0,0,11,5
12/8/2017,0,0,10,8
12/9/2017,-0.366666667,-0.366666667,3,0
12/10/2017,0,0,1,1
12/11/2017,-0.0046875,0.036979167,12,10
12/12/2017,-0.007142857,-0.035714286,14,12
12/13/2017,-0.031481481,-0.094444444,9,4
12/14/2017,-0.015625,-0.015625,4,5
12/15/2017,-0.070833333,-0.2125,4,5
12/16/2017,0,0,2,1
12/17/2017,-0.166666667,-0.5,1,2
12/18/2017,0,0.071428571,7,4
12/19/2017,-0.004761905,-0.085714286,7,8
12/20/2017,-0.009844322,-0.056318681,13,8
12/21/2017,-0.002777778,-0.214444444,15,31
12/22/2017,0.062847222,0.238541667,8,8
12/23/2017,,,0,0
12/24/2017,0,0,1,6
12/25/2017,-0.047222222,-0.094444444,6,7
12/26/2017,0.034541667,0.034541667,5,0
12/27/2017,0.049166667,0.015833333,5,1
12/28/2017,0.027777778,0.083333333,8,2
12/29/2017,-0.009479718,0.063756614,9,11
12/30/2017,,,0,0
12/31/2017,,,0,0
1/1/2018,0.013333333,0.026666667,3,5
1/2/2018,0.044375,0.28875,8,16
1/3/2018,-0.028333333,-0.085,10,8
1/4/2018,0.055555556,0.055555556,3,1
1/5/2018,0.05,0.05,7,0
1/6/2018,0,0,2,2
1/7/2018,-0.283333333,-0.566666667,1,1
1/8/2018,-0.036858974,-0.068910256,13,15
1/9/2018,0.093548387,0.292741935,31,45
1/10/2018,0.016474868,0.194477513,21,32
1/11/2018,0.015277778,0.061574074,18,38
1/12/2018,0.010117624,-0.036313796,19,21
1/13/2018,0.068181818,0.068181818,2,0
1/14/2018,-0.283333333,-0.566666667,1,1
1/15/2018,0.042589286,0.136121032,24,81
1/16/2018,0.005454545,0.005454545,11,8
1/17/2018,-0.001901709,-0.045491453,13,11
1/18/2018,0.10241342,0.413820346,14,25
1/19/2018,0.02792229,0.096939351,17,29
1/20/2018,-0.012731481,0.081944444,4,6
1/21/2018,,,0,0
1/22/2018,-0.106060606,-0.121212121,11,18
1/23/2018,-0.022592593,-0.039444444,10,7
1/24/2018,0.014417989,0.074933862,9,17
1/25/2018,-0.005991863,-0.004757295,18,39
1/26/2018,0.00370917,-0.006896891,22,36
1/27/2018,0.1,0.1,1,0
1/28/2018,-0.030050505,-0.124494949,3,5
1/29/2018,0.05,0.05,7,14
1/30/2018,0,0,7,8
1/31/2018,-0.024960317,-0.157103175,21,61
2/1/2018,0.023788126,0.094376362,17,19
2/2/2018,0.060669192,0.060669192,12,14
2/3/2018,0,0,1,0
2/4/2018,0.303333333,2.123333333,1,6
2/5/2018,-0.035416667,-0.035416667,8,11
2/6/2018,-0.009943182,-0.061079545,11,30
2/7/2018,0.075277778,0.153333333,15,33
2/8/2018,0.022444819,0.104145422,27,60
2/9/2018,-0.04047619,-0.04047619,7,3
2/10/2018,-0.283333333,-0.283333333,1,0
2/11/2018,0.119047619,0.119047619,1,0
2/12/2018,0.027597403,0.027597403,7,1
2/13/2018,0.00508658,0.081601732,8,13
2/14/2018,0.027777778,0.027777778,3,0
2/15/2018,0,0,1,0
2/16/2018,-0.033333333,-0.033333333,5,0
2/17/2018,-0.043055556,-0.043055556,3,0
2/18/2018,0,0,1,5
2/19/2018,-0.083333333,-0.083333333,2,0
2/20/2018,-0.083333333,-0.083333333,2,0
2/21/2018,0.012373737,0.037121212,3,3
2/22/2018,0.131944444,1.715277778,4,15
2/23/2018,0.030666667,0.056333333,5,4
2/24/2018,,,0,0
2/25/2018,-0.038888889,-0.038888889,2,2
2/26/2018,-0.005416667,0.004305556,12,13
2/27/2018,0,0,8,7
2/28/2018,0.003093434,-0.114330808,12,44
3/1/2018,-0.071428571,-0.142857143,14,5
3/2/2018,0.055,0.06,10,21
3/3/2018,-0.283333333,-0.283333333,1,0
3/4/2018,-0.283333333,-0.283333333,1,0
3/5/2018,0.006369048,0.287619048,14,21
3/6/2018,-0.056666667,-0.056666667,5,3
3/7/2018,-0.026388889,-0.026388889,6,28
3/8/2018,-0.027777778,-0.027777778,6,3
3/9/2018,-0.027604167,0.306076389,12,15
3/10/2018,-0.283333333,-0.283333333,1,0
3/11/2018,,,0,0
3/12/2018,-0.031547619,-0.036011905,16,5
3/13/2018,-0.022094907,0.352905093,12,30
3/14/2018,0.068717949,0.093333333,13,8
3/15/2018,-0.001190476,-0.044047619,14,15
3/16/2018,-0.037934028,-0.106163194,16,22
3/17/2018,-0.283333333,-0.283333333,1,0
3/18/2018,-0.094444444,-0.094444444,3,0
3/19/2018,0.073538961,0.138149351,14,15
3/20/2018,0.006439394,0.018939394,8,3
3/21/2018,-0.047916667,-0.060416667,8,10
3/22/2018,-0.083333333,-0.166666667,4,1
3/23/2018,0.010576923,-0.194230769,13,24
3/24/2018,-0.283333333,-0.283333333,1,0
3/25/2018,-0.136111111,-0.469444444,3,8
3/26/2018,0.015151515,0.383333333,11,35
3/27/2018,0.122390572,0.646632997,9,12
3/28/2018,0,0,3,3
3/29/2018,0.030952381,0.245238095,7,9
3/30/2018,-0.041666667,-0.208333333,3,6
3/31/2018,0,0,1,0
4/1/2018,-0.070833333,-0.070833333,4,1
4/2/2018,0.033405483,1.271500722,7,57
4/3/2018,0.002777778,0.029365079,7,9
4/4/2018,0.124603175,0.29329806,9,6
4/5/2018,0.191349206,0.226507937,3,4
4/6/2018,0.121296296,0.346296296,6,11
4/7/2018,-0.083333333,-0.083333333,2,2
4/8/2018,-0.120221561,-0.380720899,4,10
4/9/2018,0.006666667,0.053333333,15,38
4/10/2018,0.0053125,0.065625,20,28
4/11/2018,-0.029962121,-0.025416667,11,6
4/12/2018,0.001731602,0.001731602,7,5
4/13/2018,-0.066017316,-0.18030303,7,4
4/14/2018,-0.180555556,-0.219444444,2,1
4/15/2018,0,0,1,0
4/16/2018,-0.032677469,-0.077006173,12,50
4/17/2018,0.043055556,0.095833333,12,5
4/18/2018,0,0,4,2
4/19/2018,0.041666667,0.041666667,8,2
4/20/2018,0.074074074,0.296296296,3,3
4/21/2018,-0.283333333,-0.283333333,1,0
4/22/2018,-0.166666667,-0.166666667,1,0
4/23/2018,-0.041666667,-0.041666667,4,2
4/24/2018,-0.068055556,-0.068055556,6,9
4/25/2018,0.0825,0.7275,8,18
4/26/2018,0.011325758,0.321540404,6,33
4/27/2018,0.035238095,-0.027619048,7,8
4/28/2018,-0.283333333,-0.283333333,1,0
4/29/2018,-0.525,-1.75,2,4
4/30/2018,-0.094444444,-0.094444444,3,0
5/1/2018,0,0,1,1
5/2/2018,-0.012448292,-0.076993747,11,22
5/3/2018,0.083333333,0.233333333,6,3
5/4/2018,-0.006944444,0.101388889,6,7
5/5/2018,-0.020833333,-0.020833333,1,0
5/6/2018,-0.166666667,-0.166666667,1,0
5/7/2018,-0.019047619,-0.014285714,7,11
5/8/2018,0.011093074,0.112229437,7,9
5/9/2018,0.002424242,0.002424242,5,0
5/10/2018,-0.057407407,-0.057407407,9,2
5/11/2018,-0.021401515,-0.021401515,8,1
5/12/2018,-0.141666667,-0.141666667,2,0
5/13/2018,,,0,0
5/14/2018,0.094871795,0.094871795,13,10
5/15/2018,0.0025,0.0025,8,4
5/16/2018,0,0,8,21
5/17/2018,0.02,0.04,10,8
5/18/2018,-0.010416667,0.114583333,8,10
5/19/2018,-0.283333333,-0.283333333,1,0
5/20/2018,,,0,0
5/21/2018,0.041282051,0.241282051,13,20
5/22/2018,-0.02,-0.25,10,32
5/23/2018,-0.030208333,-0.105208333,8,15
5/24/2018,-0.04047619,-0.04047619,7,5
5/25/2018,0.00625,0.00625,8,16
5/26/2018,-0.166666667,-0.166666667,1,0
5/27/2018,-0.012962963,0.298148148,3,21
5/28/2018,0,0,4,33
5/29/2018,-0.011174242,0.008712121,11,9
5/30/2018,-0.070833333,-0.070833333,4,2
5/31/2018,-0.033333333,-0.033333333,5,0
6/1/2018,-0.056666667,-0.056666667,5,0
6/2/2018,,,0,0
6/3/2018,-0.055555556,-0.055555556,3,3
6/4/2018,0.015555556,0.295555556,5,7
6/5/2018,-0.022619048,-0.00952381,7,4
6/6/2018,-0.056666667,-0.056666667,5,1
6/7/2018,0.183333333,0.183333333,10,6
6/8/2018,0.405729167,0.405729167,32,2
6/9/2018,0.271428571,0.271428571,7,0
6/10/2018,0.42,0.42,15,0
6/11/2018,0.414369501,0.414369501,31,5
6/12/2018,0.382709447,0.382709447,34,23
6/13/2018,0.389338235,0.418259804,34,9
6/14/2018,0.39248366,0.421895425,34,11
6/15/2018,0.386325758,0.393270202,36,11
6/16/2018,0.416666667,0.416666667,8,0
6/17/2018,0.5,0.5,11,0
6/18/2018,0.43015625,0.48421875,32,8
6/19/2018,0.335534188,0.36982906,39,27
6/20/2018,0.386831169,0.427186147,35,11
6/21/2018,0.255617284,0.362098765,54,30
6/22/2018,0.418708333,0.413708333,30,11
6/23/2018,0.357407407,0.357407407,9,0
6/24/2018,0.357142857,0.19047619,21,22
6/25/2018,0.282688889,0.318488889,50,30
6/26/2018,0.237097222,0.256041667,60,35
6/27/2018,0.177090803,0.112763305,85,218
6/28/2018,0.248616251,0.291050257,61,84
6/29/2018,0.318776596,0.398510638,47,101
6/30/2018,0.274166667,0.274166667,10,0
7/1/2018,0.2265625,0.21625,10,3
7/2/2018,0.061709411,-0.157647707,54,252
7/3/2018,0.04034899,0.062209719,95,305
7/4/2018,0.040304012,0.43379784,30,78
7/5/2018,0.048941799,0.286084656,21,43
7/6/2018,0.031316138,0.155941358,27,34
7/7/2018,0.108333333,0.358333333,2,1
7/8/2018,0.197569444,1.237847222,4,17
7/9/2018,0.004285714,0.014126984,15,14
7/10/2018,-0.023237309,-0.033444139,18,21
7/11/2018,0.06057224,0.468432089,32,172
7/12/2018,0.046212169,0.457895767,30,116
7/13/2018,0.041504753,0.410199544,34,106
7/14/2018,0.15,-0.075,2,33
7/15/2018,-0.089502165,-0.270670996,2,3
7/16/2018,-0.059878168,-0.427836257,19,44
7/17/2018,0.071095238,0.254412698,15,40
7/18/2018,0.06862069,0.156637931,29,54
7/19/2018,0.064372973,0.384931021,76,333
7/20/2018,0.061872541,0.423497797,84,200
7/21/2018,0.175,0.175,4,48
7/22/2018,0.000740741,0.093703704,9,10
7/23/2018,0.013984788,0.070013228,36,119
7/24/2018,0.105170838,0.457043281,35,138
7/25/2018,0.088032794,0.380713255,21,81
7/26/2018,0.055933869,0.261930394,19,59
7/27/2018,0.072760068,0.507617998,35,275
7/28/2018,-0.010046898,0.431807359,15,86
7/29/2018,0.013740079,0.227430556,7,58
7/30/2018,0.022691464,0.064111257,31,134
7/31/2018,0.002867164,2.569092112,15,118
8/1/2018,0.092310117,0.276917032,29,150
8/2/2018,0.016182396,0.210366184,43,194
8/3/2018,0.04438341,0.145690108,48,324
8/4/2018,-0.038928571,-0.109761905,4,4
8/5/2018,-0.002777778,0.123015873,7,22
8/6/2018,0.027393443,0.115761542,62,149
8/7/2018,0.061167594,0.344006751,35,105
8/8/2018,0.10609623,0.630456349,24,93
8/9/2018,0.022770563,0.007878587,27,29
8/10/2018,0.032002499,0.733108833,18,103
8/11/2018,0.01866342,-0.313933983,5,31
8/12/2018,-0.004423868,0.189711934,9,27
8/13/2018,0.042150673,0.141266835,22,80
8/14/2018,0.004845938,-0.035560224,17,42
8/15/2018,0.026698874,0.138516327,52,185
8/16/2018,0.05420209,0.282674313,24,31
8/17/2018,0.05174637,0.140252525,32,73
8/18/2018,0.1,0.1,1,0
8/19/2018,0.083541667,0.167083333,4,9
8/20/2018,0.049537037,0.187037037,18,22
8/21/2018,0.0375,0.141666667,12,45
8/22/2018,0.049340278,0.221041667,8,23
8/23/2018,0.025730707,0.045435568,24,44
8/24/2018,0.102796483,0.322596334,27,34
8/25/2018,-0.089335859,-0.199058081,4,2
8/26/2018,0.063111111,0.126222222,3,24
8/27/2018,0.075614697,0.234418864,33,114
8/28/2018,-0.010822511,-0.179437229,11,37
8/29/2018,-0.004662698,-0.010515873,21,24
8/30/2018,0.01492674,0.059798535,13,28
8/31/2018,0.027777778,0.138888889,12,35
9/1/2018,-0.283333333,-0.566666667,1,1
9/2/2018,-0.4,-0.8,1,1
9/3/2018,0.012816131,0.541797676,19,108
9/4/2018,0.002391975,-0.000231481,18,46
9/5/2018,0.006161616,-0.004949495,15,14
9/6/2018,0.026643357,0.042797203,13,15
9/7/2018,0.015104167,0.102604167,16,40
9/8/2018,-0.166666667,-0.333333333,1,1
9/9/2018,0.188095238,0.576190476,5,7
9/10/2018,0.043541667,0.096666667,10,16
9/11/2018,0.036850649,0.73932199,18,82
9/12/2018,-0.013703704,-0.045185185,9,1
9/13/2018,-0.008928571,-0.008928571,6,19
9/14/2018,-0.021296296,-0.042592593,6,11
9/15/2018,-0.060555556,0.058888889,6,48
9/16/2018,0,0,1,0
9/17/2018,0.086887544,0.862743506,11,58
9/18/2018,0.031299603,0.195377886,22,60
9/19/2018,0.05826432,0.075795219,23,21
9/20/2018,0.058587852,0.162732589,19,47
9/21/2018,0.033333333,0.033333333,10,4
9/22/2018,,,0,0
9/23/2018,0.223194444,0.516805556,4,4
9/24/2018,0.075813492,0.17859127,12,16
9/25/2018,0.113333333,0.58,4,11
9/26/2018,-0.010385101,-0.104103535,8,18
9/27/2018,0.004464286,0.013392857,7,25
9/28/2018,0.061111111,0.283333333,6,9
9/29/2018,,,0,0
9/30/2018,0.137121212,0.349242424,5,13
10/1/2018,-0.243229167,-0.634895833,4,3
10/2/2018,0.072380952,0.126666667,7,10
10/3/2018,0.081944444,0.227777778,3,3
10/4/2018,0.129611111,0.43387037,10,57
10/5/2018,-0.055555556,-0.111111111,3,1
10/6/2018,,,0,0
10/7/2018,0.060333333,0.274333333,10,30
10/8/2018,0.026612157,0.15466241,50,116
10/9/2018,0.031943594,0.100196712,28,40
10/10/2018,0.02719494,0.098623512,28,70
10/11/2018,0.020301932,0.240338164,23,55
10/12/2018,0.029824561,0.103508772,19,24
10/13/2018,0.096875,0.290625,4,17
10/14/2018,0.2,0.8,1,3
10/15/2018,-0.003876812,0.065688406,23,112
10/16/2018,0.060611111,0.337277778,15,30
10/17/2018,-0.013690476,-0.032440476,14,98
10/18/2018,0.067283753,0.528626405,71,288
10/19/2018,-0.001111111,-0.001666667,18,31
10/20/2018,0.5,0.5,1,0
10/21/2018,0,0,1,1
10/22/2018,-0.022289377,-0.003699634,13,21
10/23/2018,0.001388889,0.002777778,9,9
10/24/2018,-0.002404401,0.1041829,14,14
10/25/2018,0.022756992,0.188958806,21,87
10/26/2018,0.048371415,0.444559016,66,381
10/27/2018,0.091666667,-0.05,6,11
10/28/2018,-0.0375,-0.1875,4,6
10/29/2018,-0.005852069,-0.063711307,31,54
10/30/2018,0.024968901,0.139791526,47,147
10/31/2018,0.054703355,0.607818336,44,171
11/1/2018,0.062131543,0.336828512,33,97
11/2/2018,0.019179679,0.196923959,28,60
11/3/2018,-0.016666667,-0.166666667,3,21
11/4/2018,0.145555556,3.26,3,46
11/5/2018,-0.033730159,-0.112103175,28,52
11/6/2018,0.020742424,0.039151515,10,8
11/7/2018,-0.023842593,-0.026759259,15,10
11/8/2018,0.048846157,0.311069582,28,63
11/9/2018,0.015814536,0.054636591,19,47
11/10/2018,0.075,0.15,1,1
11/11/2018,0.09,0.09,2,0
11/12/2018,0.014454365,0.065585317,20,15
11/13/2018,0.06231271,0.153465909,15,24
11/14/2018,0.034208333,0.034208333,10,4
11/15/2018,-0.002,-0.053851852,15,5
11/16/2018,0.008078283,0.082744949,15,30
11/17/2018,0,0,2,1
11/18/2018,-0.017621528,-0.038020833,4,5
11/19/2018,-0.048055556,0.031944444,15,16
11/20/2018,-0.024691358,-0.077777778,9,8
11/21/2018,0.007254443,0.034476665,15,19
11/22/2018,0.01127451,-0.000490196,17,22
11/23/2018,0.028988095,0.277738095,16,21
11/24/2018,0,0,1,0
11/25/2018,-0.006481481,-0.019444444,4,8
11/26/2018,-0.11,-0.28,5,5
11/27/2018,0.010213463,-0.299421954,32,240
11/28/2018,-0.002623457,-0.145925926,27,101
11/29/2018,-0.006027778,-0.001555556,10,13
11/30/2018,0.115617109,0.511476747,16,79
12/1/2018,0,0,1,0
12/2/2018,0.000420875,-0.08013468,4,7
12/3/2018,0.043572992,0.060595358,35,91
12/4/2018,0.005505974,0.189945184,41,131
12/5/2018,0.009645062,0.021219136,18,16
12/6/2018,0.053839405,0.490893772,34,130
12/7/2018,0.070735294,0.042990196,17,13
12/8/2018,0,0,1,1
12/9/2018,-0.048888889,-0.053333333,3,1
12/10/2018,-0.012534041,0.130664488,17,59
12/11/2018,-0.011111111,-0.011111111,14,10
12/12/2018,0.053650794,0.109484127,12,10
12/13/2018,0.106541607,0.133718134,21,14
12/14/2018,0.062237762,0.11451049,11,7
12/15/2018,,,0,0
12/16/2018,,,0,0
12/17/2018,0.083333333,0.138888889,9,6
12/18/2018,0.040909091,0.45,11,35
12/19/2018,0.000972222,0.081388889,15,34
12/20/2018,-0.001015947,0.058269033,18,26
12/21/2018,-0.071944444,-0.351759259,12,21
12/22/2018,0,0,1,0
12/23/2018,-0.166666667,-0.666666667,1,3
12/24/2018,0.069047619,0.102380952,14,9
12/25/2018,-0.016666667,-0.116666667,1,6
12/26/2018,-0.016666667,-0.033333333,2,2
12/27/2018,0.109090909,0.127272727,11,3
12/28/2018,-0.060416667,-0.185416667,8,11
12/29/2018,0.1,0.1,2,0
12/30/2018,0.15,0.15,1,0
12/31/2018,0.133673469,0.215306122,7,4
1/1/2019,0.114814815,0.114814815,1,0
1/2/2019,-0.006851852,-0.091111111,6,5
1/3/2019,0.057142857,0.114285714,5,7
1/4/2019,0.169113005,0.503314394,24,109
1/5/2019,0.03125,0.28125,4,24
1/6/2019,0.002777778,-0.113888889,3,6
1/7/2019,0.004903199,-0.046127946,22,20
1/8/2019,-0.003472222,0.019199346,17,22
1/9/2019,0.042346542,0.505769231,26,116
1/10/2019,-0.042287458,-0.332491582,24,52
1/11/2019,0.102598039,0.255416667,34,62
1/12/2019,0.168860229,0.386022928,6,13
1/13/2019,0,0,1,0
1/14/2019,0.003020761,-0.075510409,23,34
1/15/2019,0.071581439,0.135539773,16,18
1/16/2019,0.045621345,0.179751462,19,26
1/17/2019,0.029553571,0.221289683,15,25
1/18/2019,0.026723627,0.096744133,19,23
1/19/2019,,,0,0
1/20/2019,0,0,1,1
1/21/2019,0.079761905,0.14047619,14,9
1/22/2019,-0.013055556,-0.010555556,10,8
1/23/2019,0.066111111,0.050555556,10,2
1/24/2019,0.026190476,0.053174603,7,6
1/25/2019,0.045959596,-0.06010101,11,12
1/26/2019,0.116666667,0.116666667,1,0
1/27/2019,0.048051948,0.288311688,1,5
1/28/2019,0.023236111,0.274847222,20,63
1/29/2019,-0.091790123,-0.281481481,15,24
1/30/2019,0.046712018,0.123129252,21,42
1/31/2019,0.076190476,0.358201058,21,62
2/1/2019,0.029180345,0.010079966,24,40
2/2/2019,-0.033333333,-0.033333333,2,0
2/3/2019,0.124722222,2.577222222,5,67
2/4/2019,0.158095238,0.338095238,5,5
2/5/2019,-0.008395062,-0.050864198,9,8
2/6/2019,0.191319444,0.780902778,8,21
2/7/2019,-0.028439153,-0.032883598,10,6
2/8/2019,0.013434343,0.004545455,5,3
2/9/2019,0.068181818,2.727272727,1,39
2/10/2019,,,0,0
2/11/2019,0.020162738,0.043836981,24,27
2/12/2019,0.043014706,0.036642157,17,22
2/13/2019,0.083333333,0.5,4,21
2/14/2019,-9.26E-05,0.001044974,15,35
2/15/2019,0.034349624,-0.253518023,34,90
2/16/2019,-0.05,-0.1,6,1
2/17/2019,0.35,0.7,1,1
2/18/2019,0.018216253,0.312017906,11,28
2/19/2019,0.053724054,0.197954823,13,23
2/20/2019,0.0208466,0.119079388,31,57
2/21/2019,0.078608713,0.477079409,26,84
2/22/2019,0.012944444,0.030388889,15,52
2/23/2019,0,0,1,0
2/24/2019,-0.05,-0.15,4,3
2/25/2019,0.012791063,0.069140956,21,40
2/26/2019,0.008641975,0.029012346,18,27
2/27/2019,0.038791667,0.044125,10,8
2/28/2019,-0.041666667,-0.041666667,9,3
3/1/2019,0.009090909,-0.003409091,16,25
3/2/2019,,,0,0
3/3/2019,0.5,0.5,1,0
3/4/2019,-0.004345238,-0.022619048,20,14
3/5/2019,0.052432488,0.182534529,14,7
3/6/2019,0.088104575,0.299084967,17,12
3/7/2019,-0.026269841,0.083174603,10,12
3/8/2019,0.053896104,0.180519481,11,24
3/9/2019,0.225,0.225,2,0
3/10/2019,0.019972342,-0.023416306,3,8
3/11/2019,0.020487179,0.275864253,17,45
3/12/2019,0.071356421,0.396248196,7,11
3/13/2019,0.004444444,0.013333333,11,5
3/14/2019,0.008814815,0.033259259,15,25
3/15/2019,0.042294372,0.106493506,11,14
3/16/2019,0,0,1,0
3/17/2019,0.5,5.5,1,10
3/18/2019,0.034090909,0.084090909,11,15
3/19/2019,-0.011522634,-0.011522634,9,12
3/20/2019,0.028571429,0.373214286,14,37
3/21/2019,-0.009375,-0.009375,8,14
3/22/2019,0.041818182,0.225454545,11,16
3/23/2019,0,0,1,0
3/24/2019,0.01292517,0.01292517,2,0
3/25/2019,-0.010277778,-0.090277778,10,6
3/26/2019,-0.048253968,-0.048253968,5,5
3/27/2019,-0.008641975,-0.008641975,9,4
3/28/2019,0.065678877,0.237534799,13,22
3/29/2019,0.015,0.015,10,21
3/30/2019,0,0,2,0
3/31/2019,0.036111111,1.880555556,2,33
4/1/2019,0.092857143,0.164285714,7,4
4/2/2019,0.01,0.48,5,13
4/3/2019,0.035357143,0.093571429,7,9
4/4/2019,0,0,5,2
4/5/2019,0,0,1,0
4/6/2019,0,0,2,34
4/7/2019,,,0,0
4/8/2019,-0.025166667,0.033166667,10,9
4/9/2019,-0.000529101,-0.067195767,14,16
4/10/2019,0.014379085,0.008496732,17,30
4/11/2019,-0.01712963,-0.021296296,12,7
4/12/2019,-0.007473545,-0.007473545,14,8
4/13/2019,0,0,1,4
4/14/2019,,,0,0
4/15/2019,0.057875631,0.115751263,16,19
4/16/2019,-0.016309764,0.003006734,9,12
4/17/2019,0.08297619,0.054880952,14,16
4/18/2019,-0.016534392,-0.019179894,9,7
4/19/2019,0.005555556,0.005555556,3,0
4/20/2019,0,0,1,11
4/21/2019,,,0,0
4/22/2019,-0.016666667,-0.033333333,6,3
4/23/2019,0.065530303,0.270454545,9,26
4/24/2019,0.082021605,0.202854938,9,11
4/25/2019,-0.008680556,0.03546627,14,28
4/26/2019,0.02,0.018484848,11,14
4/27/2019,,,0,0
4/28/2019,-0.033333333,-0.1,2,2
4/29/2019,-0.068923611,-0.089756944,8,3
4/30/2019,-0.005681818,0.022727273,11,18
5/1/2019,-0.008333333,-0.008333333,2,1
5/2/2019,0,0,6,2
5/3/2019,0.019047619,0.019047619,7,9
5/4/2019,,,0,0
5/5/2019,0.142901235,0.284567901,9,104
5/6/2019,0.016006594,0.117001263,36,245
5/7/2019,0.073472222,0.156228632,26,57
5/8/2019,0.017790515,0.502168822,27,276
5/9/2019,0.038969577,0.112977513,70,185
5/10/2019,0.038821549,-0.003215488,29,47
5/11/2019,-0.016569264,-0.016569264,5,3
5/12/2019,0.154761905,-0.126190476,7,29
5/13/2019,0.071302247,0.246111837,87,334
5/14/2019,0.045292705,0.712839001,36,191
5/15/2019,0.002348058,0.039677318,38,81
5/16/2019,0.007383708,0.023100599,36,73
5/17/2019,0.081798482,0.250444198,81,200
5/18/2019,0.128012821,0.497307692,13,50
5/19/2019,0.082291667,0.507291667,20,47
5/20/2019,0.021287602,0.266428251,31,82
5/21/2019,-0.018425,-0.071758333,25,46
5/22/2019,0.032337662,0.237467532,8,19
5/23/2019,0.034803294,0.317766023,41,92
5/24/2019,0.020634921,0.358465608,21,84
5/25/2019,0,0,6,12
5/26/2019,0.032407407,0.048148148,6,4
5/27/2019,0.020306513,0.010344828,29,87
5/28/2019,0.035532407,0.049884259,18,26
5/29/2019,0.029991271,0.107631874,27,49
5/30/2019,-0.020410628,-0.028623188,23,64
5/31/2019,0.021581197,0.02767094,26,68
6/1/2019,0.075,0.135,5,4
6/2/2019,0.066666667,1,5,17
6/3/2019,-0.026335283,-0.180916179,19,34
6/4/2019,0.001857639,0.071857639,16,29
6/5/2019,0.048794643,0.137284226,16,64
6/6/2019,-0.053156566,-0.572979798,12,48
6/7/2019,0.07187377,0.251069461,22,45
6/8/2019,-0.038636364,-0.077272727,4,1
6/9/2019,0.044401042,0.044401042,8,7
6/10/2019,-1.85E-18,0.068888889,30,157
6/11/2019,-0.031352588,-0.192282197,24,70
6/12/2019,0.004846561,0.031767196,25,46
6/13/2019,0.037916667,0.07284188,26,32
6/14/2019,0.019230769,0.482692308,13,57
6/15/2019,-0.044675926,-0.044675926,2,0
6/16/2019,-0.0875,-0.0875,4,12
6/17/2019,0.035677083,0.08828125,16,8
6/18/2019,0.039150914,0.075537278,10,7
6/19/2019,0.024621212,0.05479798,18,12
6/20/2019,0.055861378,0.099226763,16,12
6/21/2019,0.03462963,0.07462963,15,10
6/22/2019,0.015564123,0.034537338,4,1
6/23/2019,0,0,1,0
6/24/2019,0.029545455,1.425174825,13,217
6/25/2019,0.126111111,0.193888889,10,41
6/26/2019,0.067311508,0.362162698,14,18
6/27/2019,0.041111111,0.337777778,18,39
6/28/2019,0.005416667,0.024583333,12,8
6/29/2019,-0.15,-0.15,1,0
6/30/2019,,,0,0
7/1/2019,0.052,1.852,15,134
7/2/2019,0.087053571,0.249553571,16,39
7/3/2019,-0.020555556,-0.020555556,10,9
7/4/2019,0.008712121,0.304166667,11,25
7/5/2019,0.020833333,0.020833333,12,13
7/6/2019,0,0,1,0
7/7/2019,0.029166667,0.058333333,6,23
7/8/2019,0.009791667,0.251666667,16,40
7/9/2019,0.025694444,0.11765873,14,19
7/10/2019,-0.0125,-0.0475,10,17
7/11/2019,0.035606061,0.106818182,12,15
7/12/2019,0.064042208,0.170698052,14,15
7/13/2019,0.1,0.2,1,1
7/14/2019,-0.166666667,-0.333333333,1,1
7/15/2019,0.062109375,0.377734375,16,29
7/16/2019,-0.00625,-0.00625,8,4
7/17/2019,0.029611111,0.075777778,10,7
7/18/2019,-0.008333333,-0.008333333,6,2
7/19/2019,0.022916667,0.008333333,8,3
7/20/2019,,,0,0
7/21/2019,0.08,0.08,1,0
7/22/2019,0.014930556,0.064930556,8,5
7/23/2019,0.034375,0.0375,16,37
7/24/2019,0.000892857,-0.085714286,8,11
7/25/2019,0.0125,0.03125,8,3
7/26/2019,-0.003535354,0.219191919,11,25
7/27/2019,0,0,2,1
7/28/2019,,,0,0
7/29/2019,0.00213925,-0.064292929,14,26
7/30/2019,-2.14E-18,-4.27E-18,13,10
7/31/2019,0,0,9,19
8/1/2019,0.039620963,0.399822113,29,105
8/2/2019,0.023706488,0.031217975,38,132
8/3/2019,0.105,0.185,5,3
8/4/2019,-0.056666667,-0.083333333,5,9
8/5/2019,0.054232581,0.931764148,302,3132
8/6/2019,0.05226184,0.371329567,152,567
8/7/2019,0.029365318,0.064109273,83,389
8/8/2019,0.036897288,0.081276121,80,128
8/9/2019,0.033991791,0.247254276,61,197
8/10/2019,0.03375,0.020694444,9,13
8/11/2019,0.155854701,0.619252137,13,39
8/12/2019,0.058560606,0.12280303,44,190
8/13/2019,0.058032708,0.714339105,45,192
8/14/2019,0.038780722,0.005111367,31,74
8/15/2019,0.013998538,0.020102339,19,32
8/16/2019,0.007437771,-0.011059704,18,32
8/17/2019,0.041666667,0.041666667,3,35
8/18/2019,-0.0625,-0.375,1,5
8/19/2019,0.017407407,0.016018519,12,23
8/20/2019,0.062631579,0.224912281,19,47
8/21/2019,0.009455128,0.009455128,13,34
8/22/2019,0.044481066,0.169328793,53,144
8/23/2019,0.062544356,1.834423344,53,513
8/24/2019,0.169319728,0.580068027,7,23
8/25/2019,-0.033101117,0.194810406,27,114
8/26/2019,0.070214557,0.636914631,87,488
8/27/2019,0.044055195,0.311187487,70,210
8/28/2019,0.076381726,0.356151262,52,111
8/29/2019,0.071469734,0.309898157,39,91
8/30/2019,0.07566416,0.293759398,19,42
8/31/2019,0.070833333,0.329166667,4,7
9/1/2019,0.207927189,0.407927189,6,3
9/2/2019,0.06189606,0.154264133,38,131
9/3/2019,-0.001995921,-0.021043124,26,67
9/4/2019,0.070498084,0.102064176,29,68
9/5/2019,0.051461425,0.768542053,28,120
9/6/2019,0.008683473,0.022233894,17,99
9/7/2019,0,0,3,39
9/8/2019,-0.083333333,-0.166666667,2,1
9/9/2019,0.007857143,-0.006428571,10,36
9/10/2019,0.046540494,0.016069625,20,39
9/11/2019,0.027116402,-0.031746032,14,39
9/12/2019,0.04599026,0.207359307,20,36
9/13/2019,0.022222222,0.02962963,9,12
9/14/2019,0.070833333,0.141666667,1,1
9/15/2019,0,0,1,0
9/16/2019,0.086051587,0.640833333,12,30
9/17/2019,0.003466983,0.013662819,15,15
9/18/2019,-0.00991786,-0.470132645,13,70
9/19/2019,0.004910714,-0.034375,14,17
9/20/2019,0.000720165,0.048868313,9,21
9/21/2019,0,0,3,1
9/22/2019,-0.15,-0.3,2,2
9/23/2019,0.013611111,-0.049722222,15,18
9/24/2019,0.017843137,0.116666667,17,35
9/25/2019,0.015506403,0.068276966,16,19
9/26/2019,0.002850529,-0.047030423,20,20
9/27/2019,0.018805401,0.032055246,14,40
9/28/2019,-0.195,-0.585,1,2
9/29/2019,0.054112554,0.270562771,3,4
9/30/2019,0.06372549,0.028431373,17,34
10/1/2019,0.129984127,0.22884127,5,4
10/2/2019,0.197619048,0.197619048,2,1
10/3/2019,0.060271239,0.245542478,8,10
10/4/2019,0.043658009,0.186926407,7,11
10/5/2019,-0.05,-0.05,1,0
10/6/2019,0.094166667,0.160833333,2,1
10/7/2019,0.033844697,0.028200758,8,19
10/8/2019,0.019258929,-0.001842262,16,32
10/9/2019,-0.031562882,-0.1248779,13,29
10/10/2019,0.077566964,0.285639881,16,32
10/11/2019,0.026848485,0.546568182,20,148
10/12/2019,0,0,1,4
10/13/2019,0,0,1,1
10/14/2019,0.120701754,0.631904762,19,61
10/15/2019,0.052068049,0.216512493,19,17
10/16/2019,0.033586861,0.047508818,18,30
10/17/2019,-0.004761905,-0.047619048,7,14
10/18/2019,0.082291667,0.172916667,12,17
10/19/2019,0.233333333,0.7,1,2
10/20/2019,0,0,1,0
10/21/2019,-0.013148148,-0.170925926,9,20
10/22/2019,0.025,0.2125,8,19
10/23/2019,-0.018326118,-0.040548341,12,10
10/24/2019,0.04869146,0.196418733,11,13
10/25/2019,-0.008333333,-0.008333333,6,0
10/26/2019,-0.04375,-0.04375,2,0
10/27/2019,0,0,1,0
10/28/2019,-0.000198413,-0.043650794,12,30
10/29/2019,-0.008709273,-0.08283208,19,30
10/30/2019,0.0211812,-0.000757576,14,22
10/31/2019,-0.015571047,-0.056396741,17,34
11/1/2019,0.009848485,-0.060606061,11,25
11/2/2019,,,0,0
11/3/2019,0.068181818,0.068181818,2,1
11/4/2019,0.003954248,-0.019379085,17,24
11/5/2019,0.055362319,0.164094203,46,119
11/6/2019,0.049907803,0.104255754,33,32
11/7/2019,0.004597884,0.076880952,30,86
11/8/2019,0.001268519,-0.268175926,18,50
11/9/2019,0.218892045,1.637784091,4,10
11/10/2019,0.205808081,0.261616162,2,1
11/11/2019,0.040277778,0.3125,18,45
11/12/2019,0.029646465,0.174090909,15,36
11/13/2019,0.001854497,-0.544857143,15,80
11/14/2019,-0.01379821,-0.046050397,14,25
11/15/2019,0.013208617,0.098129252,14,34
11/16/2019,0,0,2,1
11/17/2019,,,0,0
11/18/2019,-0.017824074,-0.319907407,12,42
11/19/2019,0.060598545,0.289447751,15,60
11/20/2019,-0.00245098,-0.059803922,34,81
11/21/2019,0.040012283,-0.088017763,14,42
11/22/2019,0.015766723,0.050524376,14,26
11/23/2019,0.1,0.8,1,7
11/24/2019,0,0,2,0
11/25/2019,0.018722944,-0.083300866,15,34
11/26/2019,-0.012539683,0.223015873,28,130
11/27/2019,-0.000427827,-0.054073661,16,29
11/28/2019,0.071296296,0.075925926,12,12
11/29/2019,-0.049326599,-0.190740741,11,25
11/30/2019,0,0,1,3
12/1/2019,0,0,1,0
12/2/2019,0.009770473,0.013315747,14,36
12/3/2019,0.052290013,0.010970569,16,16
12/4/2019,0.010259259,0.023259259,15,38
12/5/2019,0.0775,0.175,10,36
12/6/2019,0.031721536,0.022530864,9,16
12/7/2019,,,0,0
12/8/2019,0.116666667,0.816666667,2,6
12/9/2019,0.052380952,0.080952381,14,14
12/10/2019,0.045799423,0.098323232,15,22
12/11/2019,-0.009659759,-0.14659759,6,13
12/12/2019,0.041865079,0.138095238,18,33
12/13/2019,0.031378788,0.061156566,15,19
12/14/2019,0,0,1,0
12/15/2019,0.047592593,0.095185185,5,2
12/16/2019,0.044013026,0.212892316,14,51
12/17/2019,0.045601852,2.295138889,9,116
12/18/2019,-0.010196208,-0.276069224,9,27
12/19/2019,0.000876323,-0.271841931,9,24
12/20/2019,-0.011337868,-0.113378685,7,11
12/21/2019,,,0,0
12/22/2019,0.1,0.2,2,1
12/23/2019,0.003013228,-0.436719577,15,60
12/24/2019,0.146839927,0.801160915,9,20
12/25/2019,0,0,2,1
12/26/2019,-0.034375,-0.55,4,26
12/27/2019,0.020714286,0.207142857,10,16
12/28/2019,0.071428571,0.857142857,1,11
12/29/2019,0.1875,1.125,2,5
12/30/2019,0.016969697,0.283636364,11,93
12/31/2019,0.034871795,-0.26,13,34
1/1/2020,0.04,0.16,5,7
1/2/2020,0.041927083,0.103869048,16,44
1/3/2020,0.014444444,0.056666667,8,16
1/4/2020,0,0,1,6
1/5/2020,0.03125,0.09375,2,9
1/6/2020,0.008837938,0.022300607,9,16
1/7/2020,0.010589805,0.018951247,14,30
1/8/2020,0.007755102,-0.066530612,7,12
1/9/2020,0.066755793,0.21114082,17,26
1/10/2020,0.007142857,0.092857143,14,21
1/11/2020,0,0,2,1
1/12/2020,0.025555556,0.011111111,5,9
1/13/2020,0.023727369,0.108660404,32,77
1/14/2020,0.01400281,-0.033664654,38,60
1/15/2020,0.017118182,0.02640303,25,45
1/16/2020,0.039705665,0.281883857,39,79
1/17/2020,0.064919591,0.120548246,19,33
1/18/2020,0,0,1,1
1/19/2020,0,0,1,0
1/20/2020,0.035904762,0.044238095,20,16
1/21/2020,0.006757937,-0.015662698,20,57
1/22/2020,0.016232639,0.028732639,16,20
1/23/2020,0.031411863,0.029197995,19,28
1/24/2020,0.017566138,0.277936508,15,34
1/25/2020,0.085930736,0.30021645,7,8
1/26/2020,0,0,1,0
1/27/2020,-0.011309524,0.191071429,14,21
1/28/2020,0.01125,0.139166667,12,13
1/29/2020,-0.055357143,-0.094047619,6,13
1/30/2020,0.022093254,0.118343254,12,16
1/31/2020,-0.035141941,-0.100320513,13,23
2/1/2020,-0.05,-0.05,2,0
2/2/2020,0.009099397,0.071139971,17,131
2/3/2020,0.034966564,0.316759259,54,238
2/4/2020,0.016097308,0.026501035,23,49
2/5/2020,0.033320933,0.164781746,16,27
2/6/2020,0.06015873,0.119384921,12,24
2/7/2020,0.029027778,0.535833333,9,16
2/8/2020,-0.067277778,-0.230944444,5,8
2/9/2020,0.1,0.2,5,8
2/10/2020,0.026273148,0.102662037,18,16
2/11/2020,0.048841991,0.138246753,14,31
2/12/2020,-0.015880102,-0.028380102,8,13
2/13/2020,0.010993386,0.113898148,15,41
2/14/2020,0.019436027,0.198501684,12,40
2/15/2020,-0.05,-0.05,2,0
2/16/2020,0.005357143,0.051785714,4,8
2/17/2020,0.027346999,0.092543078,17,52
2/18/2020,0.05833801,0.129994388,18,17
2/19/2020,0.056200221,0.149543132,29,136
2/20/2020,-0.002906682,0.009134843,28,45
2/21/2020,0.008347363,0.019949495,12,12
2/22/2020,0.235185185,0.612962963,3,2
2/23/2020,0.020833333,0.020833333,3,10
2/24/2020,0.01303351,0.039100529,18,38
2/25/2020,0.027714646,0.053977273,11,19
2/26/2020,0.009627451,0.002333333,17,37
2/27/2020,0.010424242,0.043272727,15,44
2/28/2020,0.035,0.435,10,19
2/29/2020,-0.12047619,-6.936190476,7,102
3/1/2020,0.000342713,0.02747114,7,33
3/2/2020,0.000869308,0.01141349,24,26
3/3/2020,0.005555556,0.005555556,9,4
3/4/2020,0.040965718,0.237353841,11,22
3/5/2020,-0.002602564,0.029064103,13,19
3/6/2020,0.03764881,0.227380952,7,16
3/7/2020,0.038271605,0.038271605,3,1
3/8/2020,-0.098958333,-0.333333333,4,19
3/9/2020,-0.033492063,-0.082936508,14,36
3/10/2020,-0.010946502,-0.010781893,9,6
3/11/2020,0.060568182,0.149886364,10,14
3/12/2020,0.011319444,0.002986111,15,13
3/13/2020,-0.042727273,0.05,11,38
3/14/2020,0,0,1,0
3/15/2020,0,0,1,0
3/16/2020,-0.006239316,-0.048547009,13,41
3/17/2020,3.97E-18,-0.214285714,7,11
3/18/2020,0.001812771,0.352678571,11,39
3/19/2020,0.014750631,0.070419823,24,38
3/20/2020,-0.076623377,-0.08961039,11,6
3/21/2020,0,0,1,0
3/22/2020,0.034353741,0.068707483,7,8
3/23/2020,0.043409586,0.040631808,17,33
3/24/2020,0.087216117,0.407399267,13,26
3/25/2020,0.002373737,0.146010101,15,37
3/26/2020,-0.033442266,0.022440087,17,20
3/27/2020,-0.02670068,0.191326531,14,37
3/28/2020,0.143668831,0.143668831,2,0
3/29/2020,0,0,1,0
3/30/2020,-0.017464115,-0.015330941,19,24
3/31/2020,0.087328042,0.131772487,15,10
4/1/2020,0.042045455,0.110227273,12,104
4/2/2020,0.01135582,0.20337963,14,17
4/3/2020,0.022727273,0.068181818,10,7
4/4/2020,0.034090909,0.068181818,2,1
4/5/2020,0,0,11,28
4/6/2020,0.0625,0.125,3,3
4/7/2020,0.000357143,0.000714286,7,7
4/8/2020,-0.028205128,-0.070512821,13,13
4/9/2020,0.047727273,0.102272727,11,20
4/10/2020,0.01294697,0.055371212,15,15
4/11/2020,0,0,1,0
4/12/2020,0,0,3,5
4/13/2020,-0.025185185,-0.045185185,10,11
4/14/2020,0.025541126,0.049350649,21,23
4/15/2020,0.009567901,0.008333333,18,52
4/16/2020,-0.012987013,-0.168831169,11,46
4/17/2020,0.038549784,0.221363636,21,43
4/18/2020,0,0,1,0
4/19/2020,0,0,6,23
4/20/2020,-0.009848485,-0.023106061,20,14
4/21/2020,-0.002083333,-0.002083333,11,16
4/22/2020,0.033423521,0.047655123,21,11
4/23/2020,-0.049358974,-0.152564103,13,9
4/24/2020,0,0,17,15
4/25/2020,0.012962963,0.025925926,9,26
4/26/2020,0.025,-0.095833333,4,7
4/27/2020,-0.001960784,-0.058823529,17,31
4/28/2020,0.002104377,-0.002609428,11,8
4/29/2020,0.006410256,0.012820513,13,6
4/30/2020,0,0,16,8
5/1/2020,-0.041570216,-0.124903549,12,28
5/2/2020,0.175,0.35,2,1
5/3/2020,0.008592172,0.001489899,5,12
5/4/2020,0.029585561,0.07052139,17,26
5/5/2020,0.028333333,0.085,10,17
5/6/2020,-0.011565003,-0.374196708,29,83
5/7/2020,0.021142677,0.032839646,25,29
5/8/2020,-0.02275641,-0.02275641,13,8
5/9/2020,0.085,0.085,5,0
5/10/2020,0,0,2,0
5/11/2020,0.035545455,0.156424242,15,17
5/12/2020,0.014583333,0.009166667,10,11
5/13/2020,0.008730159,0.018650794,6,7
5/14/2020,0.00625,0.025,6,4
5/15/2020,0.084135472,0.15258467,17,50
5/16/2020,-0.0125,-0.0125,2,0
5/17/2020,-0.027777778,-0.277777778,3,13
5/18/2020,0.047535613,0.273447293,26,66
5/19/2020,0.026683502,0.10753367,12,18
5/20/2020,-0.012446918,-0.043331272,21,18
5/21/2020,0.007408009,0.003988095,28,35
5/22/2020,-0.003932179,0.031782107,28,79
5/23/2020,0,0,3,0
5/24/2020,-0.062878788,-0.15530303,9,12
5/25/2020,0.005893579,0.294791126,30,137
5/26/2020,0.070286195,0.294023569,27,53
5/27/2020,0.080749071,0.281172162,57,101
5/28/2020,0.096,0.168,25,25
5/29/2020,0.02028379,0.085045695,21,19
5/30/2020,-0.01625,-0.07875,5,6
5/31/2020,0.104166667,1.5625,2,14
6/1/2020,0.024473994,0.101153871,34,177
6/2/2020,0.042857143,0.295238095,21,22
6/3/2020,0.048833333,0.26925,20,26
6/4/2020,0.062894075,0.407078328,20,34
6/5/2020,0.024448529,0.509926471,17,72
6/6/2020,-0.054285714,-0.054285714,5,0
6/7/2020,0,0,1,0
6/8/2020,-0.026820988,-0.130987654,12,11
6/9/2020,0.007638889,0.010416667,12,4
6/10/2020,0.058333333,0.179545455,11,10
6/11/2020,0.006666667,-0.01,10,6
6/12/2020,0.10375,0.18375,10,4
6/13/2020,0.038888889,0.163888889,6,7
6/14/2020,0,0,1,0
6/15/2020,-0.005208333,-0.03125,16,24
6/16/2020,0.028186275,0.105637255,17,16
6/17/2020,0.008564815,0.022453704,18,12
6/18/2020,0.005482456,0.010964912,19,23
6/19/2020,0.030769231,0.276923077,13,16
6/20/2020,0,0,2,0
6/21/2020,-0.004166667,-0.004166667,4,0
6/22/2020,-0.001960784,0.015686275,17,16
6/23/2020,0.001203704,0.002407407,15,11
6/24/2020,-0.032884615,0.325961538,13,69
6/25/2020,0,0,3,4
6/26/2020,0,0,8,4
6/27/2020,0,0,1,0
6/28/2020,0.039583333,0.089583333,4,1
6/29/2020,0.002631579,0.000877193,19,30
6/30/2020,0.011074263,0.035847506,21,52
7/1/2020,-0.031481481,-0.031481481,20,18
7/2/2020,0.011764706,0.011764706,17,15
7/3/2020,0.066145833,0.097395833,16,10
7/4/2020,0,0,1,0
7/5/2020,-0.005555556,-0.005555556,3,0
7/6/2020,-0.076967593,-0.235300926,12,21
7/7/2020,0.030787982,0.153490646,28,57
7/8/2020,0.109577922,0.198863636,14,14
7/9/2020,0.000621212,0.004575758,25,78
7/10/2020,0.040283447,0.121405896,21,22
7/11/2020,0.128571429,0.128571429,2,0
7/12/2020,0.03,0.09,3,26
7/13/2020,-0.005747126,-0.002873563,29,26
7/14/2020,0,0.847222222,18,86
7/15/2020,0,0,16,17
7/16/2020,-0.00122549,0.034803922,17,40
7/17/2020,0.045757576,0.045757576,11,10
7/18/2020,0.199074074,0.394444444,3,6
7/19/2020,0,0,1,0
7/20/2020,0.132215909,0.226477273,20,17
7/21/2020,0.1721875,0.2059375,16,15
7/22/2020,0.070426693,0.075985963,17,23
7/23/2020,0.102325712,0.183573458,24,26
7/24/2020,0.169078947,0.364473684,19,21
7/25/2020,0.306060606,0.306060606,11,0
7/26/2020,0.276273148,0.302199074,12,5
7/27/2020,0.168558201,0.484444444,21,37
7/28/2020,0.0495671,0.320725108,16,24
7/29/2020,0.089214286,0.289214286,10,9
7/30/2020,0.138935786,0.319285714,21,24
7/31/2020,0.228532609,0.348822464,23,30
8/1/2020,0.371428571,0.371428571,14,0
8/2/2020,0.317977273,0.716727273,10,11
8/3/2020,0.175980392,0.406372549,17,16
8/4/2020,0.055555556,0.164444444,15,12
8/5/2020,0.075743827,0.234611111,18,40
8/6/2020,0.028846154,0.061538462,13,7
8/7/2020,0.012848857,0.248802983,26,41
8/8/2020,0.36,0.36,10,6
8/9/2020,0.3,0.3,9,0
8/10/2020,0.04515625,0.12515625,16,17
8/11/2020,0.054104683,0.873236915,11,33
8/12/2020,0.014484127,0.260714286,12,26
8/13/2020,0.001282051,0.016666667,13,13
8/14/2020,0.117901235,0.117901235,27,26
8/15/2020,0.099537037,0.034722222,4,6
8/16/2020,0,0,1,0
8/17/2020,-0.018148148,0.073333333,12,11
8/18/2020,0.028819444,0.099179293,11,18
8/19/2020,0.030375,0.037458333,15,33
8/20/2020,0.031333333,0.082666667,10,20
8/21/2020,0.02,0.02,10,5
8/22/2020,0,0,1,0
8/23/2020,0,0,3,4
8/24/2020,0,0,11,13
8/25/2020,0.040688131,0.053251263,16,17
8/26/2020,0.084090909,0.104545455,22,19
8/27/2020,0.014545455,0.043636364,11,12
8/28/2020,0.006580087,0.059220779,11,27
8/29/2020,0.125,0.125,2,0
8/30/2020,0,0,2,2
8/31/2020,0.006018519,0.038425926,12,14
9/1/2020,0.012433449,0.79583044,20,97
9/2/2020,-0.019444444,-0.033333333,9,13
9/3/2020,0.02405303,0.013383838,12,14
9/4/2020,0.03704321,0.030808642,15,9
9/5/2020,0.1925,-0.195,5,5
9/6/2020,0,0,1,0
9/7/2020,0.146704545,0.130547138,18,33
9/8/2020,0.136689815,0.136689815,18,12
9/9/2020,0.087022398,0.084848485,23,26
9/10/2020,0.011111111,0.033333333,9,11
9/11/2020,0.072348485,0.83219697,12,21
9/12/2020,0,0,3,4
9/13/2020,-0.027777778,-0.055555556,3,3
9/14/2020,0.067272727,-0.050909091,11,8
9/15/2020,0.085572917,0.244635417,16,29
9/16/2020,0.111426438,0.499307047,26,37
9/17/2020,0.0125,0.2375,12,28
9/18/2020,0.026315789,0.169298246,19,45
9/19/2020,0,0,2,2
9/20/2020,-0.02,-0.02,3,4
9/21/2020,0.057148148,-0.051231481,20,31
9/22/2020,0.018055556,0.019444444,18,32
9/23/2020,0.022,0.086,10,17
9/24/2020,0.041224747,0.304040404,11,34
9/25/2020,0,0,10,11
9/26/2020,0.021141975,0.328858025,6,32
9/27/2020,0,0,2,11
9/28/2020,0.046,0.25,10,26
9/29/2020,0,0,8,8
9/30/2020,0.039342949,0.183092949,13,24
10/1/2020,-0.019738456,-0.078445166,14,10
10/2/2020,0.06712585,0.091870748,14,8
10/3/2020,0,0,1,1
10/4/2020,0.235,0.36,4,2
10/5/2020,0.07265625,0.0828125,8,11
10/6/2020,0.070333333,0.070333333,10,8
10/7/2020,0,0,7,11
10/8/2020,0,0,3,3
10/9/2020,0.04552682,0.024118774,29,43
10/10/2020,0.020571581,0.304978632,13,38
10/11/2020,0.097499306,0.249098055,13,24
10/12/2020,0.050110723,0.139110334,39,67
10/13/2020,0.000698224,0.015222978,21,30
10/14/2020,0.025233697,0.034005626,19,16
10/15/2020,0.008055556,0.016111111,18,13
10/16/2020,0,0,13,8
10/17/2020,0,0,8,4
10/18/2020,0.08,0.16,5,7
10/19/2020,0.065508658,0.248434794,28,82
10/20/2020,0.032738095,0.085714286,21,21
10/21/2020,0.068669733,0.599420094,22,58
10/22/2020,0.000992063,0.00734127,21,56
10/23/2020,0.058468615,0.108468615,22,20
10/24/2020,0,0,2,10
10/25/2020,0.017708333,0.080208333,4,3
10/26/2020,0.073166667,0.4055,20,35
10/27/2020,0.031783293,0.09534988,19,32
10/28/2020,0.001291322,-0.047004132,11,21
10/29/2020,0.033984375,0.1109375,16,40
10/30/2020,0.017298341,0.051283189,24,40
10/31/2020,0.055555556,0.222222222,3,19
11/1/2020,-0.00625,-0.00625,2,1
11/2/2020,-0.004476134,-0.004476134,17,26
11/3/2020,-0.008504464,-0.005290179,20,21
11/4/2020,0.055714286,0.093928571,28,45
11/5/2020,0.03975469,0.124963925,21,25
11/6/2020,0.013125,0.01625,20,14
11/7/2020,0,0,4,7
11/8/2020,0.068398268,0.135064935,3,2
11/9/2020,0.006123737,0.031161616,20,49
11/10/2020,0.017938596,0.051447368,19,66
11/11/2020,0.00610119,0.00639881,14,17
11/12/2020,0.015277778,0.02202381,14,25
11/13/2020,0,0,9,13
11/14/2020,0,0,1,0
11/15/2020,0.021247294,0.041455628,5,4
11/16/2020,-0.003921569,0.030065359,17,23
11/17/2020,0.012397487,0.050585317,21,34
11/18/2020,0.00974026,0.041125541,14,11
11/19/2020,0.042010623,0.073763497,29,64
11/20/2020,0.050108225,0.144352253,18,12
11/21/2020,0.00479798,0.00959596,3,6
11/22/2020,0.098148148,0.098148148,3,0
11/23/2020,0.069568903,0.164013348,15,15
11/24/2020,0.024020202,0.024020202,15,10
11/25/2020,0.0087236,0.0087236,11,4
11/26/2020,-0.005952381,-0.005952381,14,15
11/27/2020,-0.004476584,-0.14084022,11,8
11/28/2020,0.010416667,0.03125,4,2
11/29/2020,-0.011868687,-0.011868687,3,0
11/30/2020,-0.040686275,-0.050980392,17,14
12/1/2020,0.025925926,0.236111111,18,41
12/2/2020,-0.009259259,-0.009259259,9,7
12/3/2020,-0.007575758,-0.007575758,11,9
12/4/2020,0.07808,0.079573333,25,21
12/5/2020,-0.05223064,-0.07723064,6,5
12/6/2020,0,0,1,0
12/7/2020,-0.014098485,-0.068643939,11,7
12/8/2020,0.091269841,0.384920635,7,18
12/9/2020,0.164780329,0.655341553,28,43
12/10/2020,0.048989899,0.246767677,15,19
12/11/2020,-0.011904762,-0.011904762,7,16
12/12/2020,0.166666667,0.416666667,3,3
12/13/2020,0.075757576,0.757575758,3,27
12/14/2020,0.036011905,0.10014881,14,14
12/15/2020,0.040409091,0.093010101,15,23
12/16/2020,0.026158645,0.82241533,17,110
12/17/2020,-0.023072917,-4.501510417,12,105
12/18/2020,0.005297619,0.005297619,14,61
12/19/2020,0.0625,2.0625,4,62
12/20/2020,0.025984848,0.025984848,4,2
12/21/2020,0,0,9,24
12/22/2020,0.019791667,0.082291667,16,23
12/23/2020,-0.004613095,-0.004613095,14,18
12/24/2020,-0.023263889,-0.011805556,12,6
12/25/2020,-0.180555556,-0.180555556,6,3
12/26/2020,0,0,4,2
12/27/2020,0.08,0.16,2,1
12/28/2020,0.022727273,0.022727273,10,11
12/29/2020,0.015719697,0.066098485,16,20
12/30/2020,-0.029761905,-0.047619048,7,5
12/31/2020,0.034418044,0.110261708,11,8
1/1/2021,0.027922078,0.048051948,7,6
1/2/2021,0,0,4,1
1/3/2021,0.03125,0.09375,4,2
1/4/2021,0.046648148,0.191722222,20,60
1/5/2021,0.027939552,0.065688131,32,86
1/6/2021,-0.063177083,-0.05546875,16,53
1/7/2021,0.06297619,0.221190476,14,23
1/8/2021,0.021875,0.121875,16,19
1/9/2021,-0.017261905,-0.051785714,4,2
1/10/2021,-0.015972222,-0.015972222,7,55
1/11/2021,0.030942986,0.103072616,20,30
1/12/2021,0.000980392,-0.003921569,17,29
1/13/2021,-0.007222222,-0.039444444,21,22
1/14/2021,0.006698015,0.00876698,29,26
1/15/2021,0.002083333,-0.020833333,16,60
1/16/2021,-0.033333333,-0.066666667,3,1
1/17/2021,0.02,0.245,5,11
1/18/2021,-0.018386243,-0.098677249,21,30
1/19/2021,0.016636905,0.016428571,16,43
1/20/2021,-0.000735294,-1.127941176,17,60
1/21/2021,0.031085581,0.031401931,13,19
1/22/2021,0.048958333,0.048958333,16,18
1/23/2021,0.174074074,0.507407407,3,2
1/24/2021,0,0,2,0
1/25/2021,-0.015656566,-0.073989899,12,15
1/26/2021,0.117765568,0.111355311,13,9
1/27/2021,-0.010416667,-0.020833333,8,7
1/28/2021,0.012820513,0.025641026,13,23
1/29/2021,0.043359375,0.118359375,16,12
1/30/2021,0,0,3,2
1/31/2021,0.091666667,0.491666667,6,25
2/1/2021,0.003734599,0.016658342,26,35
2/2/2021,-0.007407407,-0.140740741,9,12
2/3/2021,0.164814815,0.775,18,48
2/4/2021,-0.008055556,-0.054722222,15,20
2/5/2021,0.019047619,0.038095238,15,71
2/6/2021,0.225,0.675,2,2
2/7/2021,0,0,2,1
2/8/2021,0.014927048,0.028731762,27,39
2/9/2021,0.027521645,0.131374459,21,51
2/10/2021,-0.0028125,-0.0028125,16,42
2/11/2021,0,0,4,3
2/12/2021,0.02,-0.12,5,3
2/13/2021,0.115972222,0.340972222,4,26
2/14/2021,-0.014351852,0.173148148,3,5
2/15/2021,-0.025925926,-0.025925926,6,7
2/16/2021,0,0,5,4
2/17/2021,0.034722222,0.069444444,6,9
2/18/2021,0.022142857,0.042777778,14,31
2/19/2021,0.050438596,0.098684211,19,60
2/20/2021,0.1,0.4,3,9
2/21/2021,0.166666667,1,2,5
2/22/2021,-0.02,-0.1,10,14
2/23/2021,-0.010595753,-0.211915069,7,22
2/24/2021,-0.014814815,-0.014814815,9,9
2/25/2021,0.083333333,0.083333333,6,4
2/26/2021,-0.011458333,-0.001041667,12,32
2/27/2021,0.15,0.42,5,29
2/28/2021,0.0675,0.4725,3,7
3/1/2021,0.044444444,0.084814815,15,17
3/2/2021,-0.077843137,-0.128823529,17,36
3/3/2021,0.011458333,0.097916667,20,37
3/4/2021,-0.008333333,-0.1,10,22
3/5/2021,0.056098485,0.092689394,22,44
3/6/2021,-0.036545455,0.484909091,5,46
3/7/2021,0.0271875,0.1209375,8,10
3/8/2021,-0.007325149,0.188846726,32,361
3/9/2021,0.017529461,0.18604798,18,64
3/10/2021,0.007738095,-0.34898088,12,35
3/11/2021,0.015792181,-0.017695473,18,14
3/12/2021,-0.006944444,-0.020833333,12,32
3/13/2021,0.2375,0.5875,4,41
3/14/2021,0.5,0.5,1,0
3/15/2021,0.014791667,0.025,20,37
3/16/2021,0.057043651,0.400297619,12,24
3/17/2021,0.00120614,0.022039474,19,36
3/18/2021,-0.003333333,-0.012,25,41
3/19/2021,0.021597222,0.104513889,24,48
3/20/2021,0.091666667,0.583333333,3,8
3/21/2021,,,0,0
3/22/2021,0.010666667,0.032,10,22
3/23/2021,-0.05375,-0.224166667,10,13
3/24/2021,-0.013888889,-0.055555556,6,6
3/25/2021,-0.082564103,0.063910256,26,67
3/26/2021,0.023899177,0.047417695,18,18
3/27/2021,0.45,1.35,1,2
3/28/2021,0.024,0.036,5,4
3/29/2021,0.040049303,0.562848725,18,95
3/30/2021,0.053363997,0.245299423,14,29
3/31/2021,0.022222222,0.143434343,11,13
4/1/2021,0.028472222,-0.008564815,9,15
4/2/2021,0.025,0.05,8,6
4/3/2021,0.45,1.8,1,3
4/4/2021,0,0,1,5
4/5/2021,0,0,1,1
4/6/2021,-0.018518519,-0.083333333,9,12
4/7/2021,-0.022830344,-0.054957741,11,7
4/8/2021,-0.00952381,0.066666667,7,8
4/9/2021,-0.015151515,-0.037878788,11,19
4/10/2021,0.45,0.9,1,1
4/11/2021,0,0,3,1
4/12/2021,-0.003761297,0.015430622,19,41
4/13/2021,-0.027604167,-0.051041667,12,22
4/14/2021,-0.015972222,-0.041666667,12,18
4/15/2021,-0.003333333,-0.046190476,14,24
4/16/2021,0.024833333,0.028666667,15,20
4/17/2021,0.45,0.45,1,0
4/18/2021,0,0,2,5
4/19/2021,0.018148148,-0.013703704,10,23
4/20/2021,0.039772727,0.12012987,14,13
4/21/2021,-0.038888889,-0.040740741,9,6
4/22/2021,-0.041666667,-0.125,4,5
4/23/2021,0.104734848,0.237689394,11,13
4/24/2021,0.15,0.45,3,3
4/25/2021,-0.033950617,-0.101851852,3,2
4/26/2021,0.017307692,0.034615385,13,17
4/27/2021,0,0,5,8
4/28/2021,-0.05,-0.05,6,9
4/29/2021,-0.05,-0.083333333,5,8
4/30/2021,-0.027083333,-0.054166667,7,4
5/1/2021,0.130416667,0.371666667,2,5
5/2/2021,,,0,0
5/3/2021,0,0,2,2
5/4/2021,0,0,1,1
5/5/2021,-0.041666667,-0.041666667,3,1
5/6/2021,0,0,3,3
5/7/2021,0.024074074,0.072222222,9,15
5/8/2021,0.131481481,0.412962963,3,4
5/9/2021,-0.008333333,-0.008333333,2,1
5/10/2021,0.044285714,0.076285714,10,17
5/11/2021,0.1,0.7,5,8
5/12/2021,0,0,3,1
5/13/2021,-0.019047619,-0.933333333,6,32
5/14/2021,0.066666667,0.066666667,6,16
5/15/2021,,,0,0
5/16/2021,0.45,0.9,1,1
5/17/2021,0.027731481,0.027731481,15,16
5/18/2021,0.062745098,0.188235294,17,20
5/19/2021,0.048333333,0.111666667,10,9
5/20/2021,-0.034166667,-0.103333333,10,10
5/21/2021,0,0,9,17
5/22/2021,0.45,1.35,1,2
5/23/2021,0.066666667,0.266666667,3,8
5/24/2021,0.076044974,0.297328042,7,11
5/25/2021,0.071204649,0.210969388,21,124
5/26/2021,0.027635215,0.487986479,27,134
5/27/2021,0.009723797,0.049666478,36,117
5/28/2021,0.067339545,0.175439959,23,51
5/29/2021,0.1625,1.075,4,14
5/30/2021,0.056119529,0.278341751,6,26
5/31/2021,0.021620671,-0.134943182,35,147
6/1/2021,0.056767677,0.223997114,21,54
6/2/2021,0.003885582,-0.249186508,15,70
6/3/2021,0.063749098,0.442338564,14,34
6/4/2021,0.052414773,-0.254024621,22,58
6/5/2021,,,0,0
6/6/2021,0.333333333,0.333333333,2,0
6/7/2021,-0.007843137,-0.044117647,17,29
6/8/2021,0.036682736,-0.136069789,11,56
6/9/2021,0.007171351,0.064417728,23,17
6/10/2021,0.064400553,0.067416426,21,22
6/11/2021,0.019791667,0.141666667,8,17
6/12/2021,,,0,0
6/13/2021,,,0,0
6/14/2021,0.02,0.02,5,5
6/15/2021,0,0,11,4
6/16/2021,0.04,0.08,5,6
6/17/2021,0.007447917,0.02234375,10,9
6/18/2021,0.1875,0.3125,8,5
6/19/2021,0.201666667,1.015,3,11
